{
"meta":{"test_sets":[],"test_metrics":[],"learn_metrics":[{"best_value":"Min","name":"Logloss"}],"launch_mode":"Train","parameters":"","iteration_count":1000,"learn_sets":["learn"],"name":"experiment"},
"iterations":[
{"learn":[0.6838117025],"iteration":0,"passed_time":0.005385793406,"remaining_time":5.380407612},
{"learn":[0.6734444239],"iteration":1,"passed_time":0.006574875758,"remaining_time":3.280863003},
{"learn":[0.6628016662],"iteration":2,"passed_time":0.007951921425,"remaining_time":2.642688554},
{"learn":[0.6534652969],"iteration":3,"passed_time":0.009164734644,"remaining_time":2.282018926},
{"learn":[0.6448214576],"iteration":4,"passed_time":0.01042061952,"remaining_time":2.073703284},
{"learn":[0.636432062],"iteration":5,"passed_time":0.01157743755,"remaining_time":1.917995487},
{"learn":[0.6270239482],"iteration":6,"passed_time":0.01277903875,"remaining_time":1.812797925},
{"learn":[0.6169132905],"iteration":7,"passed_time":0.01410919225,"remaining_time":1.749539839},
{"learn":[0.6088636672],"iteration":8,"passed_time":0.01527047245,"remaining_time":1.681448689},
{"learn":[0.6008525043],"iteration":9,"passed_time":0.01642447055,"remaining_time":1.626022585},
{"learn":[0.5925041165],"iteration":10,"passed_time":0.01792599692,"remaining_time":1.611710087},
{"learn":[0.5831717114],"iteration":11,"passed_time":0.01912163414,"remaining_time":1.574347878},
{"learn":[0.575348885],"iteration":12,"passed_time":0.02034613114,"remaining_time":1.54474088},
{"learn":[0.5674371343],"iteration":13,"passed_time":0.02151587051,"remaining_time":1.515332023},
{"learn":[0.5589683149],"iteration":14,"passed_time":0.02269883559,"remaining_time":1.490556871},
{"learn":[0.5510958246],"iteration":15,"passed_time":0.02381887666,"remaining_time":1.464860915},
{"learn":[0.5437247279],"iteration":16,"passed_time":0.02496919092,"remaining_time":1.443806745},
{"learn":[0.5361939865],"iteration":17,"passed_time":0.02614289625,"remaining_time":1.426240229},
{"learn":[0.5296806081],"iteration":18,"passed_time":0.02731405624,"remaining_time":1.410267851},
{"learn":[0.5246698211],"iteration":19,"passed_time":0.02846723807,"remaining_time":1.394894666},
{"learn":[0.5189614832],"iteration":20,"passed_time":0.02966995647,"remaining_time":1.383185113},
{"learn":[0.512148859],"iteration":21,"passed_time":0.03085693265,"remaining_time":1.371730915},
{"learn":[0.5046686931],"iteration":22,"passed_time":0.03203487257,"remaining_time":1.360785674},
{"learn":[0.4970309375],"iteration":23,"passed_time":0.03322410069,"remaining_time":1.351113428},
{"learn":[0.4924281402],"iteration":24,"passed_time":0.03460280835,"remaining_time":1.349509526},
{"learn":[0.48779244],"iteration":25,"passed_time":0.03584256607,"remaining_time":1.342717668},
{"learn":[0.481217381],"iteration":26,"passed_time":0.03712094833,"remaining_time":1.33772899},
{"learn":[0.4750482479],"iteration":27,"passed_time":0.03867027466,"remaining_time":1.342410963},
{"learn":[0.4699194371],"iteration":28,"passed_time":0.04040282032,"remaining_time":1.35279788},
{"learn":[0.464596172],"iteration":29,"passed_time":0.04166462122,"remaining_time":1.347156086},
{"learn":[0.4594955919],"iteration":30,"passed_time":0.04296724184,"remaining_time":1.343072817},
{"learn":[0.4539161498],"iteration":31,"passed_time":0.04428751806,"remaining_time":1.339697421},
{"learn":[0.4499434855],"iteration":32,"passed_time":0.04570876511,"remaining_time":1.339405329},
{"learn":[0.4458167732],"iteration":33,"passed_time":0.0473125331,"remaining_time":1.344232558},
{"learn":[0.4395783253],"iteration":34,"passed_time":0.04857431518,"remaining_time":1.339263262},
{"learn":[0.4343409293],"iteration":35,"passed_time":0.04983047058,"remaining_time":1.334349268},
{"learn":[0.4290519504],"iteration":36,"passed_time":0.05108130334,"remaining_time":1.329494462},
{"learn":[0.4231513135],"iteration":37,"passed_time":0.05231693147,"remaining_time":1.324444423},
{"learn":[0.4184120058],"iteration":38,"passed_time":0.05354898549,"remaining_time":1.319501924},
{"learn":[0.4140137357],"iteration":39,"passed_time":0.05473773807,"remaining_time":1.313705714},
{"learn":[0.4107067121],"iteration":40,"passed_time":0.05593628801,"remaining_time":1.30836342},
{"learn":[0.4068733402],"iteration":41,"passed_time":0.05713040335,"remaining_time":1.303117296},
{"learn":[0.4017579807],"iteration":42,"passed_time":0.05830690887,"remaining_time":1.297667716},
{"learn":[0.3962419729],"iteration":43,"passed_time":0.05950550425,"remaining_time":1.29289232},
{"learn":[0.3924496113],"iteration":44,"passed_time":0.06066099068,"remaining_time":1.287361025},
{"learn":[0.3882687482],"iteration":45,"passed_time":0.06186013871,"remaining_time":1.282925485},
{"learn":[0.384806263],"iteration":46,"passed_time":0.06304121987,"remaining_time":1.278261331},
{"learn":[0.3815114207],"iteration":47,"passed_time":0.06421823257,"remaining_time":1.273661613},
{"learn":[0.377259481],"iteration":48,"passed_time":0.06541461834,"remaining_time":1.269577593},
{"learn":[0.3733276229],"iteration":49,"passed_time":0.06674981549,"remaining_time":1.268246494},
{"learn":[0.3696415296],"iteration":50,"passed_time":0.06791785526,"remaining_time":1.263804797},
{"learn":[0.3656602503],"iteration":51,"passed_time":0.06912857233,"remaining_time":1.260267049},
{"learn":[0.362904854],"iteration":52,"passed_time":0.07033067226,"remaining_time":1.256663144},
{"learn":[0.3585365838],"iteration":53,"passed_time":0.07152264006,"remaining_time":1.252970694},
{"learn":[0.3550828353],"iteration":54,"passed_time":0.07274387232,"remaining_time":1.249871988},
{"learn":[0.3522349405],"iteration":55,"passed_time":0.07390401934,"remaining_time":1.245810612},
{"learn":[0.3491277823],"iteration":56,"passed_time":0.07509773408,"remaining_time":1.242406373},
{"learn":[0.3453609588],"iteration":57,"passed_time":0.07657613113,"remaining_time":1.243701992},
{"learn":[0.3416485229],"iteration":58,"passed_time":0.07786650122,"remaining_time":1.241904706},
{"learn":[0.3376549378],"iteration":59,"passed_time":0.07953946221,"remaining_time":1.246118241},
{"learn":[0.3352145362],"iteration":60,"passed_time":0.08094823743,"remaining_time":1.246072048},
{"learn":[0.332020035],"iteration":61,"passed_time":0.08225826272,"remaining_time":1.24448791},
{"learn":[0.328835544],"iteration":62,"passed_time":0.08353936303,"remaining_time":1.242482272},
{"learn":[0.3262296715],"iteration":63,"passed_time":0.0853724087,"remaining_time":1.248571477},
{"learn":[0.3244980402],"iteration":64,"passed_time":0.09576100369,"remaining_time":1.377485207},
{"learn":[0.3216109121],"iteration":65,"passed_time":0.09726319398,"remaining_time":1.376421563},
{"learn":[0.3186738507],"iteration":66,"passed_time":0.09849825349,"remaining_time":1.371624933},
{"learn":[0.3162145874],"iteration":67,"passed_time":0.09970570834,"remaining_time":1.366554708},
{"learn":[0.3137029768],"iteration":68,"passed_time":0.1009524012,"remaining_time":1.362125877},
{"learn":[0.3115619718],"iteration":69,"passed_time":0.1021787122,"remaining_time":1.357517176},
{"learn":[0.3091006405],"iteration":70,"passed_time":0.1034268607,"remaining_time":1.353289488},
{"learn":[0.3066826448],"iteration":71,"passed_time":0.1046421513,"remaining_time":1.348721061},
{"learn":[0.3049862898],"iteration":72,"passed_time":0.1059445891,"remaining_time":1.345351153},
{"learn":[0.3022148183],"iteration":73,"passed_time":0.1071348645,"remaining_time":1.340633575},
{"learn":[0.3000116867],"iteration":74,"passed_time":0.108328821,"remaining_time":1.336055459},
{"learn":[0.2975529916],"iteration":75,"passed_time":0.1096046764,"remaining_time":1.332562118},
{"learn":[0.2956718351],"iteration":76,"passed_time":0.1107739267,"remaining_time":1.327848498},
{"learn":[0.2936516497],"iteration":77,"passed_time":0.1119641109,"remaining_time":1.323473209},
{"learn":[0.2913591127],"iteration":78,"passed_time":0.1131628314,"remaining_time":1.319278072},
{"learn":[0.288945501],"iteration":79,"passed_time":0.1143645128,"remaining_time":1.315191898},
{"learn":[0.2863204787],"iteration":80,"passed_time":0.1155322727,"remaining_time":1.310792081},
{"learn":[0.2838946904],"iteration":81,"passed_time":0.1167189357,"remaining_time":1.306682719},
{"learn":[0.2820458595],"iteration":82,"passed_time":0.1179184229,"remaining_time":1.302785467},
{"learn":[0.2805222986],"iteration":83,"passed_time":0.1192657019,"remaining_time":1.300564083},
{"learn":[0.2780994443],"iteration":84,"passed_time":0.1204706738,"remaining_time":1.296831371},
{"learn":[0.2761423316],"iteration":85,"passed_time":0.1216754238,"remaining_time":1.293155085},
{"learn":[0.2738820288],"iteration":86,"passed_time":0.1229729446,"remaining_time":1.290509178},
{"learn":[0.271291129],"iteration":87,"passed_time":0.1241497871,"remaining_time":1.286643248},
{"learn":[0.2696418554],"iteration":88,"passed_time":0.125380423,"remaining_time":1.283388375},
{"learn":[0.2686961732],"iteration":89,"passed_time":0.1267962142,"remaining_time":1.28205061},
{"learn":[0.2669503122],"iteration":90,"passed_time":0.1280734244,"remaining_time":1.279326844},
{"learn":[0.2651647116],"iteration":91,"passed_time":0.1293448741,"remaining_time":1.27657767},
{"learn":[0.2634156482],"iteration":92,"passed_time":0.130901632,"remaining_time":1.276642799},
{"learn":[0.2620333797],"iteration":93,"passed_time":0.1320335901,"remaining_time":1.272579071},
{"learn":[0.2606058624],"iteration":94,"passed_time":0.1332191234,"remaining_time":1.269087439},
{"learn":[0.2586504251],"iteration":95,"passed_time":0.1343794616,"remaining_time":1.265406597},
{"learn":[0.256892798],"iteration":96,"passed_time":0.1355509649,"remaining_time":1.261881663},
{"learn":[0.255093889],"iteration":97,"passed_time":0.1367227142,"remaining_time":1.258407022},
{"learn":[0.2533118531],"iteration":98,"passed_time":0.137849291,"remaining_time":1.25456779},
{"learn":[0.2516091831],"iteration":99,"passed_time":0.1390633089,"remaining_time":1.25156978},
{"learn":[0.2500048215],"iteration":100,"passed_time":0.1402792254,"remaining_time":1.248623996},
{"learn":[0.2488954566],"iteration":101,"passed_time":0.1415011965,"remaining_time":1.245765436},
{"learn":[0.247611632],"iteration":102,"passed_time":0.1426866326,"remaining_time":1.24262048},
{"learn":[0.2461648215],"iteration":103,"passed_time":0.1438859261,"remaining_time":1.239632594},
{"learn":[0.2452862786],"iteration":104,"passed_time":0.1450481821,"remaining_time":1.236363076},
{"learn":[0.2437989089],"iteration":105,"passed_time":0.1462132251,"remaining_time":1.233156823},
{"learn":[0.2423885129],"iteration":106,"passed_time":0.1474256334,"remaining_time":1.230384024},
{"learn":[0.2408205638],"iteration":107,"passed_time":0.1486067637,"remaining_time":1.227381789},
{"learn":[0.2393138852],"iteration":108,"passed_time":0.1497813907,"remaining_time":1.224359808},
{"learn":[0.2375029407],"iteration":109,"passed_time":0.1511618302,"remaining_time":1.223036626},
{"learn":[0.2363233446],"iteration":110,"passed_time":0.152571506,"remaining_time":1.221946566},
{"learn":[0.2346533835],"iteration":111,"passed_time":0.1538279902,"remaining_time":1.219636208},
{"learn":[0.2333176944],"iteration":112,"passed_time":0.1550239654,"remaining_time":1.216869533},
{"learn":[0.2321559388],"iteration":113,"passed_time":0.156202347,"remaining_time":1.213993679},
{"learn":[0.2312799033],"iteration":114,"passed_time":0.1573373086,"remaining_time":1.210813201},
{"learn":[0.2297301376],"iteration":115,"passed_time":0.1585076715,"remaining_time":1.207937772},
{"learn":[0.2279311265],"iteration":116,"passed_time":0.1597060879,"remaining_time":1.20530321},
{"learn":[0.2267310935],"iteration":117,"passed_time":0.1611668682,"remaining_time":1.204654049},
{"learn":[0.2248502396],"iteration":118,"passed_time":0.1624552954,"remaining_time":1.202715255},
{"learn":[0.2234528173],"iteration":119,"passed_time":0.1636865736,"remaining_time":1.200368207},
{"learn":[0.2226306921],"iteration":120,"passed_time":0.1650982255,"remaining_time":1.199349919},
{"learn":[0.2215666275],"iteration":121,"passed_time":0.1663482188,"remaining_time":1.197161771},
{"learn":[0.2203087616],"iteration":122,"passed_time":0.1674659779,"remaining_time":1.194046037},
{"learn":[0.2190949221],"iteration":123,"passed_time":0.1689757631,"remaining_time":1.193732004},
{"learn":[0.2181576558],"iteration":124,"passed_time":0.1702533908,"remaining_time":1.191773736},
{"learn":[0.2172454766],"iteration":125,"passed_time":0.1715506866,"remaining_time":1.189962699},
{"learn":[0.2162956288],"iteration":126,"passed_time":0.1728824115,"remaining_time":1.188396419},
{"learn":[0.2150095719],"iteration":127,"passed_time":0.1742130907,"remaining_time":1.18682668},
{"learn":[0.213748279],"iteration":128,"passed_time":0.1758125222,"remaining_time":1.187075247},
{"learn":[0.2129617111],"iteration":129,"passed_time":0.177419113,"remaining_time":1.187343294},
{"learn":[0.2123357693],"iteration":130,"passed_time":0.178615999,"remaining_time":1.18486491},
{"learn":[0.2116886642],"iteration":131,"passed_time":0.1798226451,"remaining_time":1.182470121},
{"learn":[0.2103936858],"iteration":132,"passed_time":0.1809825558,"remaining_time":1.17978854},
{"learn":[0.2092464081],"iteration":133,"passed_time":0.1822099605,"remaining_time":1.177565864},
{"learn":[0.2085007267],"iteration":134,"passed_time":0.1834324736,"remaining_time":1.17532659},
{"learn":[0.2076794385],"iteration":135,"passed_time":0.1845896806,"remaining_time":1.172687383},
{"learn":[0.2067999908],"iteration":136,"passed_time":0.1857859683,"remaining_time":1.17031599},
{"learn":[0.2057586963],"iteration":137,"passed_time":0.1869467172,"remaining_time":1.167739639},
{"learn":[0.2046776322],"iteration":138,"passed_time":0.188131994,"remaining_time":1.165335589},
{"learn":[0.2036102624],"iteration":139,"passed_time":0.1893043114,"remaining_time":1.162869341},
{"learn":[0.2025468044],"iteration":140,"passed_time":0.190488561,"remaining_time":1.160494141},
{"learn":[0.2018742361],"iteration":141,"passed_time":0.1916587254,"remaining_time":1.158050609},
{"learn":[0.2006297138],"iteration":142,"passed_time":0.192854736,"remaining_time":1.155779781},
{"learn":[0.1996521743],"iteration":143,"passed_time":0.1940949373,"remaining_time":1.153786572},
{"learn":[0.1988673956],"iteration":144,"passed_time":0.195263625,"remaining_time":1.151382064},
{"learn":[0.198092597],"iteration":145,"passed_time":0.1964605374,"remaining_time":1.149159582},
{"learn":[0.1969550419],"iteration":146,"passed_time":0.197744199,"remaining_time":1.147454434},
{"learn":[0.1963748919],"iteration":147,"passed_time":0.1989367818,"remaining_time":1.145230663},
{"learn":[0.1955806043],"iteration":148,"passed_time":0.2001027768,"remaining_time":1.14286888},
{"learn":[0.1947200589],"iteration":149,"passed_time":0.2016878833,"remaining_time":1.142898005},
{"learn":[0.1940222741],"iteration":150,"passed_time":0.2029266204,"remaining_time":1.140958283},
{"learn":[0.1931317201],"iteration":151,"passed_time":0.2042380309,"remaining_time":1.139433225},
{"learn":[0.1926743394],"iteration":152,"passed_time":0.2055436548,"remaining_time":1.137878926},
{"learn":[0.1918001119],"iteration":153,"passed_time":0.2068617678,"remaining_time":1.136396465},
{"learn":[0.1910533701],"iteration":154,"passed_time":0.2082752434,"remaining_time":1.135436005},
{"learn":[0.190565977],"iteration":155,"passed_time":0.2099973814,"remaining_time":1.136139679},
{"learn":[0.1895689763],"iteration":156,"passed_time":0.211278768,"remaining_time":1.134445869},
{"learn":[0.1885694431],"iteration":157,"passed_time":0.212894421,"remaining_time":1.134538623},
{"learn":[0.1876250534],"iteration":158,"passed_time":0.2146489462,"remaining_time":1.135344426},
{"learn":[0.1865699523],"iteration":159,"passed_time":0.2158574329,"remaining_time":1.133251523},
{"learn":[0.1857513416],"iteration":160,"passed_time":0.2171967026,"remaining_time":1.13185114},
{"learn":[0.1852166347],"iteration":161,"passed_time":0.218440053,"remaining_time":1.129955336},
{"learn":[0.1845982654],"iteration":162,"passed_time":0.2196411056,"remaining_time":1.12785034},
{"learn":[0.1835606488],"iteration":163,"passed_time":0.2211370034,"remaining_time":1.127259359},
{"learn":[0.1830213797],"iteration":164,"passed_time":0.2223255601,"remaining_time":1.125102077},
{"learn":[0.1823531006],"iteration":165,"passed_time":0.2235339528,"remaining_time":1.123056124},
{"learn":[0.1816526879],"iteration":166,"passed_time":0.224751064,"remaining_time":1.12106369},
{"learn":[0.1810530776],"iteration":167,"passed_time":0.2259534215,"remaining_time":1.119007421},
{"learn":[0.180445486],"iteration":168,"passed_time":0.2271705129,"remaining_time":1.117033706},
{"learn":[0.1792757471],"iteration":169,"passed_time":0.2286302861,"remaining_time":1.11625375},
{"learn":[0.1787351854],"iteration":170,"passed_time":0.2298496234,"remaining_time":1.114300221},
{"learn":[0.1777548548],"iteration":171,"passed_time":0.2312083744,"remaining_time":1.11302636},
{"learn":[0.1772216306],"iteration":172,"passed_time":0.2324194303,"remaining_time":1.111045485},
{"learn":[0.1766787515],"iteration":173,"passed_time":0.2336364151,"remaining_time":1.109101603},
{"learn":[0.1759675101],"iteration":174,"passed_time":0.2350565832,"remaining_time":1.108123892},
{"learn":[0.1752461609],"iteration":175,"passed_time":0.2362295387,"remaining_time":1.105983749},
{"learn":[0.1747006125],"iteration":176,"passed_time":0.2374099644,"remaining_time":1.10388927},
{"learn":[0.1740451851],"iteration":177,"passed_time":0.2385835475,"remaining_time":1.101773461},
{"learn":[0.1735284569],"iteration":178,"passed_time":0.2397684025,"remaining_time":1.099719879},
{"learn":[0.1731955257],"iteration":179,"passed_time":0.2409537292,"remaining_time":1.0976781},
{"learn":[0.1725849063],"iteration":180,"passed_time":0.2421342148,"remaining_time":1.095623878},
{"learn":[0.1715542973],"iteration":181,"passed_time":0.2433037984,"remaining_time":1.093530259},
{"learn":[0.170892691],"iteration":182,"passed_time":0.2448669281,"remaining_time":1.093203717},
{"learn":[0.1698803118],"iteration":183,"passed_time":0.2460401419,"remaining_time":1.091134542},
{"learn":[0.16924062],"iteration":184,"passed_time":0.2473111737,"remaining_time":1.089505982},
{"learn":[0.1684776655],"iteration":185,"passed_time":0.2486733797,"remaining_time":1.088280274},
{"learn":[0.1679903943],"iteration":186,"passed_time":0.2498461885,"remaining_time":1.086229686},
{"learn":[0.1674852693],"iteration":187,"passed_time":0.2510549273,"remaining_time":1.084343622},
{"learn":[0.1671186402],"iteration":188,"passed_time":0.2524861604,"remaining_time":1.08341945},
{"learn":[0.1665885049],"iteration":189,"passed_time":0.253751874,"remaining_time":1.081784305},
{"learn":[0.1661223189],"iteration":190,"passed_time":0.2553386133,"remaining_time":1.081512765},
{"learn":[0.1656182673],"iteration":191,"passed_time":0.2569960095,"remaining_time":1.081524873},
{"learn":[0.1650529507],"iteration":192,"passed_time":0.2581553963,"remaining_time":1.079437331},
{"learn":[0.1644604873],"iteration":193,"passed_time":0.2593618208,"remaining_time":1.077554781},
{"learn":[0.164140337],"iteration":194,"passed_time":0.2605412181,"remaining_time":1.075567592},
{"learn":[0.1636224015],"iteration":195,"passed_time":0.2617559541,"remaining_time":1.073733608},
{"learn":[0.1632694329],"iteration":196,"passed_time":0.2632146718,"remaining_time":1.072900413},
{"learn":[0.1624602581],"iteration":197,"passed_time":0.2644193343,"remaining_time":1.071031849},
{"learn":[0.1619147353],"iteration":198,"passed_time":0.2656053306,"remaining_time":1.069094823},
{"learn":[0.1614197125],"iteration":199,"passed_time":0.2667479004,"remaining_time":1.066991601},
{"learn":[0.1608023378],"iteration":200,"passed_time":0.2679636169,"remaining_time":1.065188706},
{"learn":[0.1602707086],"iteration":201,"passed_time":0.2691330632,"remaining_time":1.063208834},
{"learn":[0.1598996449],"iteration":202,"passed_time":0.270296269,"remaining_time":1.061212445},
{"learn":[0.1594840134],"iteration":203,"passed_time":0.271459441,"remaining_time":1.059224093},
{"learn":[0.1591693135],"iteration":204,"passed_time":0.2728375756,"remaining_time":1.058077427},
{"learn":[0.1586416976],"iteration":205,"passed_time":0.2740245668,"remaining_time":1.056191777},
{"learn":[0.1583180245],"iteration":206,"passed_time":0.2752253703,"remaining_time":1.05436579},
{"learn":[0.1580200683],"iteration":207,"passed_time":0.2764298243,"remaining_time":1.052559716},
{"learn":[0.1576092679],"iteration":208,"passed_time":0.2776210244,"remaining_time":1.050709236},
{"learn":[0.1573310377],"iteration":209,"passed_time":0.2789849246,"remaining_time":1.049514716},
{"learn":[0.1567438397],"iteration":210,"passed_time":0.2801894765,"remaining_time":1.047722734},
{"learn":[0.1562032684],"iteration":211,"passed_time":0.2813626596,"remaining_time":1.045819697},
{"learn":[0.1558835868],"iteration":212,"passed_time":0.2826680077,"remaining_time":1.044411841},
{"learn":[0.1554296025],"iteration":213,"passed_time":0.2838318288,"remaining_time":1.042485128},
{"learn":[0.154914955],"iteration":214,"passed_time":0.2849959713,"remaining_time":1.040566686},
{"learn":[0.1545659526],"iteration":215,"passed_time":0.286172415,"remaining_time":1.038699877},
{"learn":[0.1541915653],"iteration":216,"passed_time":0.2873592505,"remaining_time":1.036876927},
{"learn":[0.1537521951],"iteration":217,"passed_time":0.2890774385,"remaining_time":1.036965857},
{"learn":[0.1534035631],"iteration":218,"passed_time":0.2902535807,"remaining_time":1.035105235},
{"learn":[0.1529493757],"iteration":219,"passed_time":0.2914295455,"remaining_time":1.033250207},
{"learn":[0.1524907018],"iteration":220,"passed_time":0.2928809673,"remaining_time":1.032372278},
{"learn":[0.152248258],"iteration":221,"passed_time":0.2941714828,"remaining_time":1.030925287},
{"learn":[0.151899494],"iteration":222,"passed_time":0.2953711634,"remaining_time":1.029163202},
{"learn":[0.1516024965],"iteration":223,"passed_time":0.2965155473,"remaining_time":1.027214574},
{"learn":[0.1509775209],"iteration":224,"passed_time":0.2976990791,"remaining_time":1.025407939},
{"learn":[0.1505470684],"iteration":225,"passed_time":0.2989596405,"remaining_time":1.023870627},
{"learn":[0.1500344273],"iteration":226,"passed_time":0.3001567595,"remaining_time":1.022119714},
{"learn":[0.1496638033],"iteration":227,"passed_time":0.3013304278,"remaining_time":1.020294256},
{"learn":[0.1493737078],"iteration":228,"passed_time":0.3025225358,"remaining_time":1.018536572},
{"learn":[0.1490280967],"iteration":229,"passed_time":0.3036629831,"remaining_time":1.016610856},
{"learn":[0.1486624913],"iteration":230,"passed_time":0.3048354659,"remaining_time":1.014798586},
{"learn":[0.1483181319],"iteration":231,"passed_time":0.3061647455,"remaining_time":1.013510882},
{"learn":[0.1479699379],"iteration":232,"passed_time":0.3072894443,"remaining_time":1.011549372},
{"learn":[0.1476615041],"iteration":233,"passed_time":0.3084716881,"remaining_time":1.009783389},
{"learn":[0.147306729],"iteration":234,"passed_time":0.3097343952,"remaining_time":1.008284308},
{"learn":[0.1469490704],"iteration":235,"passed_time":0.3109260201,"remaining_time":1.006557116},
{"learn":[0.1466381806],"iteration":236,"passed_time":0.3120946181,"remaining_time":1.004760311},
{"learn":[0.1462895587],"iteration":237,"passed_time":0.3134047864,"remaining_time":1.003422047},
{"learn":[0.1458251542],"iteration":238,"passed_time":0.3145636206,"remaining_time":1.001602156},
{"learn":[0.1455650784],"iteration":239,"passed_time":0.3157287636,"remaining_time":0.9998077515},
{"learn":[0.1453743352],"iteration":240,"passed_time":0.3169008756,"remaining_time":0.998040517},
{"learn":[0.1450005683],"iteration":241,"passed_time":0.3181026408,"remaining_time":0.9963710814},
{"learn":[0.1445938639],"iteration":242,"passed_time":0.3193009064,"remaining_time":0.9946945931},
{"learn":[0.1443228943],"iteration":243,"passed_time":0.3204896662,"remaining_time":0.9929925723},
{"learn":[0.1441314353],"iteration":244,"passed_time":0.3216687092,"remaining_time":0.9912647977},
{"learn":[0.14388356],"iteration":245,"passed_time":0.323044649,"remaining_time":0.9901449809},
{"learn":[0.1435263029],"iteration":246,"passed_time":0.3242215802,"remaining_time":0.9884163962},
{"learn":[0.1432458875],"iteration":247,"passed_time":0.3254173873,"remaining_time":0.9867494969},
{"learn":[0.1426943324],"iteration":248,"passed_time":0.3266202116,"remaining_time":0.9851075459},
{"learn":[0.1422028129],"iteration":249,"passed_time":0.3278374528,"remaining_time":0.9835123585},
{"learn":[0.1418588002],"iteration":250,"passed_time":0.3290225181,"remaining_time":0.9818241677},
{"learn":[0.1415306729],"iteration":251,"passed_time":0.3301943985,"remaining_time":0.9801008336},
{"learn":[0.141104443],"iteration":252,"passed_time":0.3313771118,"remaining_time":0.9784138441},
{"learn":[0.1410185434],"iteration":253,"passed_time":0.3326553145,"remaining_time":0.977011278},
{"learn":[0.1407485132],"iteration":254,"passed_time":0.3340608855,"remaining_time":0.9759818026},
{"learn":[0.1404321257],"iteration":255,"passed_time":0.3354410554,"remaining_time":0.9748755674},
{"learn":[0.1400774228],"iteration":256,"passed_time":0.3367941436,"remaining_time":0.9736889054},
{"learn":[0.1398044048],"iteration":257,"passed_time":0.3379805305,"remaining_time":0.9720215256},
{"learn":[0.1396287155],"iteration":258,"passed_time":0.3391897417,"remaining_time":0.9704231605},
{"learn":[0.1394107963],"iteration":259,"passed_time":0.3403620615,"remaining_time":0.9687227903},
{"learn":[0.1392058843],"iteration":260,"passed_time":0.3415390306,"remaining_time":0.9670396307},
{"learn":[0.1389652841],"iteration":261,"passed_time":0.3427433825,"remaining_time":0.9654374666},
{"learn":[0.1387442232],"iteration":262,"passed_time":0.3439323557,"remaining_time":0.9637952326},
{"learn":[0.1385246116],"iteration":263,"passed_time":0.3451401964,"remaining_time":0.9622090325},
{"learn":[0.1382468379],"iteration":264,"passed_time":0.3463688697,"remaining_time":0.9606834689},
{"learn":[0.1377933176],"iteration":265,"passed_time":0.3475979095,"remaining_time":0.9591611487},
{"learn":[0.1373011463],"iteration":266,"passed_time":0.3487822977,"remaining_time":0.9575184427},
{"learn":[0.1368861585],"iteration":267,"passed_time":0.3499612586,"remaining_time":0.9558643331},
{"learn":[0.1366700464],"iteration":268,"passed_time":0.3511332684,"remaining_time":0.9541948668},
{"learn":[0.1365554688],"iteration":269,"passed_time":0.352317592,"remaining_time":0.9525623784},
{"learn":[0.1361612136],"iteration":270,"passed_time":0.3535852964,"remaining_time":0.9511574947},
{"learn":[0.1359643705],"iteration":271,"passed_time":0.354782264,"remaining_time":0.9495642947},
{"learn":[0.1357672636],"iteration":272,"passed_time":0.3559687486,"remaining_time":0.9479460815},
{"learn":[0.1353636679],"iteration":273,"passed_time":0.3572727253,"remaining_time":0.9466423305},
{"learn":[0.134942751],"iteration":274,"passed_time":0.3584613678,"remaining_time":0.9450345152},
{"learn":[0.1346584489],"iteration":275,"passed_time":0.3596365878,"remaining_time":0.9433945275},
{"learn":[0.1345113615],"iteration":276,"passed_time":0.3608008265,"remaining_time":0.9417292331},
{"learn":[0.1343116823],"iteration":277,"passed_time":0.3619736203,"remaining_time":0.9400897621},
{"learn":[0.1341959898],"iteration":278,"passed_time":0.3631297296,"remaining_time":0.9384105198},
{"learn":[0.1339500974],"iteration":279,"passed_time":0.3642967149,"remaining_time":0.936762981},
{"learn":[0.1336038149],"iteration":280,"passed_time":0.3654999301,"remaining_time":0.9352115649},
{"learn":[0.1333540325],"iteration":281,"passed_time":0.3668072307,"remaining_time":0.93392763},
{"learn":[0.1330842052],"iteration":282,"passed_time":0.3680086793,"remaining_time":0.9323753464},
{"learn":[0.1328915556],"iteration":283,"passed_time":0.3692147997,"remaining_time":0.9308373119},
{"learn":[0.132646583],"iteration":284,"passed_time":0.3704846284,"remaining_time":0.9294614363},
{"learn":[0.1325098616],"iteration":285,"passed_time":0.3717165549,"remaining_time":0.927991679},
{"learn":[0.1322058191],"iteration":286,"passed_time":0.3729238439,"remaining_time":0.9264623718},
{"learn":[0.1319657855],"iteration":287,"passed_time":0.3744139159,"remaining_time":0.9256344033},
{"learn":[0.1317387989],"iteration":288,"passed_time":0.3756918913,"remaining_time":0.924280051},
{"learn":[0.1315266608],"iteration":289,"passed_time":0.3768825344,"remaining_time":0.9227124119},
{"learn":[0.1312991531],"iteration":290,"passed_time":0.3780679649,"remaining_time":0.9211346636},
{"learn":[0.1311629682],"iteration":291,"passed_time":0.3792561103,"remaining_time":0.9195661853},
{"learn":[0.1310440269],"iteration":292,"passed_time":0.3803850648,"remaining_time":0.9178574771},
{"learn":[0.130759232],"iteration":293,"passed_time":0.3816855259,"remaining_time":0.9165645622},
{"learn":[0.1305974411],"iteration":294,"passed_time":0.382898583,"remaining_time":0.9150627153},
{"learn":[0.1303245199],"iteration":295,"passed_time":0.3841128485,"remaining_time":0.9135656937},
{"learn":[0.1300968835],"iteration":296,"passed_time":0.3853070833,"remaining_time":0.9120231635},
{"learn":[0.1298738386],"iteration":297,"passed_time":0.3865213924,"remaining_time":0.9105302598},
{"learn":[0.129709097],"iteration":298,"passed_time":0.3877329364,"remaining_time":0.9090327371},
{"learn":[0.1293120839],"iteration":299,"passed_time":0.3889177261,"remaining_time":0.9074746943},
{"learn":[0.1290632776],"iteration":300,"passed_time":0.3901096967,"remaining_time":0.9059358074},
{"learn":[0.1288674098],"iteration":301,"passed_time":0.3913151579,"remaining_time":0.9044303982},
{"learn":[0.128684589],"iteration":302,"passed_time":0.3927044485,"remaining_time":0.903349837},
{"learn":[0.1284647845],"iteration":303,"passed_time":0.3941726454,"remaining_time":0.9024478987},
{"learn":[0.128303531],"iteration":304,"passed_time":0.3955844377,"remaining_time":0.9014137187},
{"learn":[0.1280484],"iteration":305,"passed_time":0.3971216997,"remaining_time":0.9006616327},
{"learn":[0.1276945078],"iteration":306,"passed_time":0.39869303,"remaining_time":0.8999813349},
{"learn":[0.1273812961],"iteration":307,"passed_time":0.4002452453,"remaining_time":0.8992523043},
{"learn":[0.1271992139],"iteration":308,"passed_time":0.4017654983,"remaining_time":0.8984464704},
{"learn":[0.1269740257],"iteration":309,"passed_time":0.4032968098,"remaining_time":0.8976606412},
{"learn":[0.1267954494],"iteration":310,"passed_time":0.4049296323,"remaining_time":0.8970949088},
{"learn":[0.1266490658],"iteration":311,"passed_time":0.4064853968,"remaining_time":0.8963524135},
{"learn":[0.1264847856],"iteration":312,"passed_time":0.40804576,"remaining_time":0.895614815},
{"learn":[0.1262986735],"iteration":313,"passed_time":0.4095926538,"remaining_time":0.8948425494},
{"learn":[0.1260337568],"iteration":314,"passed_time":0.4111299077,"remaining_time":0.8940444024},
{"learn":[0.1257925059],"iteration":315,"passed_time":0.4126726139,"remaining_time":0.8932533795},
{"learn":[0.1255900696],"iteration":316,"passed_time":0.4144928304,"remaining_time":0.8930555305},
{"learn":[0.1254290221],"iteration":317,"passed_time":0.4161623195,"remaining_time":0.8925242197},
{"learn":[0.1252139842],"iteration":318,"passed_time":0.4184410133,"remaining_time":0.893286301},
{"learn":[0.1251025049],"iteration":319,"passed_time":0.4199062755,"remaining_time":0.8923008354},
{"learn":[0.1247051171],"iteration":320,"passed_time":0.4211652145,"remaining_time":0.8908759521},
{"learn":[0.1246053146],"iteration":321,"passed_time":0.4225712835,"remaining_time":0.8897618951},
{"learn":[0.1245373917],"iteration":322,"passed_time":0.4239383337,"remaining_time":0.8885642475},
{"learn":[0.1242929648],"iteration":323,"passed_time":0.4253111501,"remaining_time":0.8873775849},
{"learn":[0.1241410263],"iteration":324,"passed_time":0.4266538965,"remaining_time":0.8861273234},
{"learn":[0.1238269282],"iteration":325,"passed_time":0.4279763629,"remaining_time":0.8848345662},
{"learn":[0.1235911779],"iteration":326,"passed_time":0.4293237287,"remaining_time":0.8835928729},
{"learn":[0.123428286],"iteration":327,"passed_time":0.430653949,"remaining_time":0.8823154077},
{"learn":[0.1232127486],"iteration":328,"passed_time":0.4320147318,"remaining_time":0.8810999545},
{"learn":[0.1231282033],"iteration":329,"passed_time":0.4335129113,"remaining_time":0.8801625775},
{"learn":[0.1230092742],"iteration":330,"passed_time":0.4348647578,"remaining_time":0.8789260513},
{"learn":[0.1229034174],"iteration":331,"passed_time":0.4362202478,"remaining_time":0.8776961612},
{"learn":[0.1227535766],"iteration":332,"passed_time":0.437505656,"remaining_time":0.8763251428},
{"learn":[0.1226528784],"iteration":333,"passed_time":0.4388693534,"remaining_time":0.8751107466},
{"learn":[0.1223554862],"iteration":334,"passed_time":0.4402162955,"remaining_time":0.8738621985},
{"learn":[0.1221385329],"iteration":335,"passed_time":0.4416024232,"remaining_time":0.8726905029},
{"learn":[0.1220162871],"iteration":336,"passed_time":0.442973023,"remaining_time":0.871486986},
{"learn":[0.1218678203],"iteration":337,"passed_time":0.4446118784,"remaining_time":0.8708078802},
{"learn":[0.121581115],"iteration":338,"passed_time":0.445959653,"remaining_time":0.8695555477},
{"learn":[0.1214526285],"iteration":339,"passed_time":0.4473180018,"remaining_time":0.8683231799},
{"learn":[0.1213427785],"iteration":340,"passed_time":0.4486634361,"remaining_time":0.8670651155},
{"learn":[0.1212394466],"iteration":341,"passed_time":0.4500070184,"remaining_time":0.8658029769},
{"learn":[0.1210908238],"iteration":342,"passed_time":0.4513507456,"remaining_time":0.8645406409},
{"learn":[0.1210183553],"iteration":343,"passed_time":0.4526966629,"remaining_time":0.8632820084},
{"learn":[0.1209157248],"iteration":344,"passed_time":0.4540550631,"remaining_time":0.862046569},
{"learn":[0.1206957088],"iteration":345,"passed_time":0.4556940209,"remaining_time":0.8613407217},
{"learn":[0.1205865111],"iteration":346,"passed_time":0.456831617,"remaining_time":0.8596860112},
{"learn":[0.1204503515],"iteration":347,"passed_time":0.4580430146,"remaining_time":0.8581725446},
{"learn":[0.1203677887],"iteration":348,"passed_time":0.4593382838,"remaining_time":0.8568172572},
{"learn":[0.1202107448],"iteration":349,"passed_time":0.4608698285,"remaining_time":0.8559011102},
{"learn":[0.1200775871],"iteration":350,"passed_time":0.4621846517,"remaining_time":0.8545807378},
{"learn":[0.1199541548],"iteration":351,"passed_time":0.4641289286,"remaining_time":0.8544191639},
{"learn":[0.1197916473],"iteration":352,"passed_time":0.4653097085,"remaining_time":0.8528481059},
{"learn":[0.1196557014],"iteration":353,"passed_time":0.4664989043,"remaining_time":0.8512946107},
{"learn":[0.1195140014],"iteration":354,"passed_time":0.4676317802,"remaining_time":0.8496408401},
{"learn":[0.1192292487],"iteration":355,"passed_time":0.4688157728,"remaining_time":0.8480824654},
{"learn":[0.1190041616],"iteration":356,"passed_time":0.4699947318,"remaining_time":0.846517122},
{"learn":[0.1189056965],"iteration":357,"passed_time":0.4711809077,"remaining_time":0.8449668792},
{"learn":[0.118830819],"iteration":358,"passed_time":0.4723717912,"remaining_time":0.8434270702},
{"learn":[0.118596017],"iteration":359,"passed_time":0.4736956519,"remaining_time":0.8421256035},
{"learn":[0.1185476896],"iteration":360,"passed_time":0.4748900761,"remaining_time":0.8405948992},
{"learn":[0.1183059075],"iteration":361,"passed_time":0.4760669562,"remaining_time":0.8390351327},
{"learn":[0.1181278407],"iteration":362,"passed_time":0.477240043,"remaining_time":0.8374708193},
{"learn":[0.1179061367],"iteration":363,"passed_time":0.4784027413,"remaining_time":0.8358905041},
{"learn":[0.1177849502],"iteration":364,"passed_time":0.479592219,"remaining_time":0.8343590659},
{"learn":[0.1176443102],"iteration":365,"passed_time":0.4807690389,"remaining_time":0.8328075701},
{"learn":[0.1174518771],"iteration":366,"passed_time":0.4819470694,"remaining_time":0.8312602042},
{"learn":[0.1172862915],"iteration":367,"passed_time":0.4831934387,"remaining_time":0.82983221},
{"learn":[0.1171216605],"iteration":368,"passed_time":0.4843835486,"remaining_time":0.8283089951},
{"learn":[0.1169264192],"iteration":369,"passed_time":0.4855690706,"remaining_time":0.8267797689},
{"learn":[0.1166629236],"iteration":370,"passed_time":0.4868875438,"remaining_time":0.8254778034},
{"learn":[0.1164481342],"iteration":371,"passed_time":0.4880662881,"remaining_time":0.8239398627},
{"learn":[0.116339373],"iteration":372,"passed_time":0.4892545492,"remaining_time":0.8224198454},
{"learn":[0.1160875017],"iteration":373,"passed_time":0.4905945442,"remaining_time":0.821155574},
{"learn":[0.1159830731],"iteration":374,"passed_time":0.4917731004,"remaining_time":0.819621834},
{"learn":[0.1158719507],"iteration":375,"passed_time":0.4929647171,"remaining_time":0.8181116582},
{"learn":[0.1157813294],"iteration":376,"passed_time":0.4941553235,"remaining_time":0.8166015028},
{"learn":[0.1157154205],"iteration":377,"passed_time":0.4953526086,"remaining_time":0.815104028},
{"learn":[0.1156204431],"iteration":378,"passed_time":0.4967006576,"remaining_time":0.8138551671},
{"learn":[0.1154556969],"iteration":379,"passed_time":0.49786501,"remaining_time":0.812306069},
{"learn":[0.1151793721],"iteration":380,"passed_time":0.4990541413,"remaining_time":0.8107992479},
{"learn":[0.1150812349],"iteration":381,"passed_time":0.5002376148,"remaining_time":0.809284937},
{"learn":[0.1149664854],"iteration":382,"passed_time":0.5016463775,"remaining_time":0.808135287},
{"learn":[0.1148728619],"iteration":383,"passed_time":0.5029198556,"remaining_time":0.8067672683},
{"learn":[0.1146821505],"iteration":384,"passed_time":0.5040483665,"remaining_time":0.8051681698},
{"learn":[0.1144950358],"iteration":385,"passed_time":0.5052419599,"remaining_time":0.8036750346},
{"learn":[0.1143018927],"iteration":386,"passed_time":0.506718458,"remaining_time":0.8026315626},
{"learn":[0.1141998087],"iteration":387,"passed_time":0.5080754889,"remaining_time":0.8013974206},
{"learn":[0.1140614059],"iteration":388,"passed_time":0.5092481165,"remaining_time":0.7998730057},
{"learn":[0.1140151332],"iteration":389,"passed_time":0.5105801659,"remaining_time":0.7985997466},
{"learn":[0.1138579237],"iteration":390,"passed_time":0.5117696984,"remaining_time":0.7971042105},
{"learn":[0.1137627713],"iteration":391,"passed_time":0.5129696536,"remaining_time":0.7956264014},
{"learn":[0.1134774603],"iteration":392,"passed_time":0.5142583272,"remaining_time":0.7942870346},
{"learn":[0.1134304825],"iteration":393,"passed_time":0.5154310463,"remaining_time":0.7927695789},
{"learn":[0.1133020965],"iteration":394,"passed_time":0.5166068788,"remaining_time":0.7912586372},
{"learn":[0.1132447435],"iteration":395,"passed_time":0.5178160336,"remaining_time":0.7898002129},
{"learn":[0.1131972078],"iteration":396,"passed_time":0.5190150964,"remaining_time":0.7883277157},
{"learn":[0.1130395117],"iteration":397,"passed_time":0.5202103512,"remaining_time":0.7868508327},
{"learn":[0.1127534223],"iteration":398,"passed_time":0.52135058,"remaining_time":0.7852924777},
{"learn":[0.1126164614],"iteration":399,"passed_time":0.5225183292,"remaining_time":0.7837774938},
{"learn":[0.1125419134],"iteration":400,"passed_time":0.5237033004,"remaining_time":0.7822899675},
{"learn":[0.1124361461],"iteration":401,"passed_time":0.5248676445,"remaining_time":0.7807732621},
{"learn":[0.1123520551],"iteration":402,"passed_time":0.5260761234,"remaining_time":0.7793236865},
{"learn":[0.1122564747],"iteration":403,"passed_time":0.5272682238,"remaining_time":0.777851142},
{"learn":[0.112179251],"iteration":404,"passed_time":0.5284779701,"remaining_time":0.7764059066},
{"learn":[0.1120425129],"iteration":405,"passed_time":0.5296696046,"remaining_time":0.7749353329},
{"learn":[0.1119282359],"iteration":406,"passed_time":0.5310101812,"remaining_time":0.7736831387},
{"learn":[0.1117634557],"iteration":407,"passed_time":0.5322477321,"remaining_time":0.7722810231},
{"learn":[0.1116436026],"iteration":408,"passed_time":0.5334883139,"remaining_time":0.7708840918},
{"learn":[0.1115671316],"iteration":409,"passed_time":0.5346329852,"remaining_time":0.7693499055},
{"learn":[0.1114022406],"iteration":410,"passed_time":0.5358150635,"remaining_time":0.7678712224},
{"learn":[0.1111285083],"iteration":411,"passed_time":0.5370122583,"remaining_time":0.7664155531},
{"learn":[0.1110286844],"iteration":412,"passed_time":0.5382141445,"remaining_time":0.7649678034},
{"learn":[0.1109469271],"iteration":413,"passed_time":0.5394476392,"remaining_time":0.763565982},
{"learn":[0.1108136244],"iteration":414,"passed_time":0.5405784067,"remaining_time":0.7620201636},
{"learn":[0.1107659458],"iteration":415,"passed_time":0.5419913663,"remaining_time":0.7608724951},
{"learn":[0.110597236],"iteration":416,"passed_time":0.5432645009,"remaining_time":0.7595280672},
{"learn":[0.1104093066],"iteration":417,"passed_time":0.5444538299,"remaining_time":0.7580672943},
{"learn":[0.1103615576],"iteration":418,"passed_time":0.5456307467,"remaining_time":0.7565906058},
{"learn":[0.1101481087],"iteration":419,"passed_time":0.5467698706,"remaining_time":0.7550631546},
{"learn":[0.1100036631],"iteration":420,"passed_time":0.5479271519,"remaining_time":0.7535625201},
{"learn":[0.1098122537],"iteration":421,"passed_time":0.5491238402,"remaining_time":0.7521174872},
{"learn":[0.1096223646],"iteration":422,"passed_time":0.5503694863,"remaining_time":0.7507404104},
{"learn":[0.1094018035],"iteration":423,"passed_time":0.5515634029,"remaining_time":0.7492936795},
{"learn":[0.1093216641],"iteration":424,"passed_time":0.5527708998,"remaining_time":0.7478665115},
{"learn":[0.1092106046],"iteration":425,"passed_time":0.5540486188,"remaining_time":0.7465349934},
{"learn":[0.1089576348],"iteration":426,"passed_time":0.5552326198,"remaining_time":0.7450779653},
{"learn":[0.1088804015],"iteration":427,"passed_time":0.5564010232,"remaining_time":0.7436013675},
{"learn":[0.1086620991],"iteration":428,"passed_time":0.5575620696,"remaining_time":0.7421164143},
{"learn":[0.1086055707],"iteration":429,"passed_time":0.5587507071,"remaining_time":0.740669542},
{"learn":[0.1085382022],"iteration":430,"passed_time":0.5598940634,"remaining_time":0.7391640884},
{"learn":[0.1084438978],"iteration":431,"passed_time":0.5610521745,"remaining_time":0.7376797109},
{"learn":[0.1083893513],"iteration":432,"passed_time":0.5622306109,"remaining_time":0.7362234559},
{"learn":[0.1082371262],"iteration":433,"passed_time":0.5634319579,"remaining_time":0.7347983599},
{"learn":[0.1081683354],"iteration":434,"passed_time":0.5646101455,"remaining_time":0.733344212},
{"learn":[0.1080319493],"iteration":435,"passed_time":0.5657715689,"remaining_time":0.7318696442},
{"learn":[0.1078468058],"iteration":436,"passed_time":0.5669556211,"remaining_time":0.7304256629},
{"learn":[0.1077921732],"iteration":437,"passed_time":0.5681419193,"remaining_time":0.7289857503},
{"learn":[0.107664437],"iteration":438,"passed_time":0.5694560754,"remaining_time":0.7277103834},
{"learn":[0.1076144871],"iteration":439,"passed_time":0.5706474323,"remaining_time":0.7262785502},
{"learn":[0.107549898],"iteration":440,"passed_time":0.5718332809,"remaining_time":0.7248408255},
{"learn":[0.107478146],"iteration":441,"passed_time":0.5730086918,"remaining_time":0.7233910634},
{"learn":[0.1072322447],"iteration":442,"passed_time":0.5742072778,"remaining_time":0.7219716788},
{"learn":[0.1071292022],"iteration":443,"passed_time":0.5757505022,"remaining_time":0.7209848631},
{"learn":[0.1069509825],"iteration":444,"passed_time":0.5790484847,"remaining_time":0.7221840652},
{"learn":[0.106778914],"iteration":445,"passed_time":0.5820187867,"remaining_time":0.7229560713},
{"learn":[0.1066574839],"iteration":446,"passed_time":0.5862082905,"remaining_time":0.7252196525},
{"learn":[0.1065763419],"iteration":447,"passed_time":0.5903909784,"remaining_time":0.727446027},
{"learn":[0.1064695105],"iteration":448,"passed_time":0.5942290956,"remaining_time":0.7292210059},
{"learn":[0.1064377583],"iteration":449,"passed_time":0.5981439577,"remaining_time":0.7310648372},
{"learn":[0.1062615143],"iteration":450,"passed_time":0.6021023464,"remaining_time":0.7329361156},
{"learn":[0.1061586146],"iteration":451,"passed_time":0.605969738,"remaining_time":0.7346712753},
{"learn":[0.106075476],"iteration":452,"passed_time":0.609850924,"remaining_time":0.7363983564},
{"learn":[0.1059965865],"iteration":453,"passed_time":0.6141182816,"remaining_time":0.738565158},
{"learn":[0.1059251847],"iteration":454,"passed_time":0.6179101787,"remaining_time":0.74013417},
{"learn":[0.1058550541],"iteration":455,"passed_time":0.6219286407,"remaining_time":0.7419499573},
{"learn":[0.1057556004],"iteration":456,"passed_time":0.6264392038,"remaining_time":0.7443249183},
{"learn":[0.1056419565],"iteration":457,"passed_time":0.6307932539,"remaining_time":0.7464845931},
{"learn":[0.1055680844],"iteration":458,"passed_time":0.6335158339,"remaining_time":0.7466929545},
{"learn":[0.1055130234],"iteration":459,"passed_time":0.6354646792,"remaining_time":0.7459802755},
{"learn":[0.1054766254],"iteration":460,"passed_time":0.6370186495,"remaining_time":0.7448005468},
{"learn":[0.1053342357],"iteration":461,"passed_time":0.6385088322,"remaining_time":0.7435449171},
{"learn":[0.1051931295],"iteration":462,"passed_time":0.6397022927,"remaining_time":0.7419441278},
{"learn":[0.1050667999],"iteration":463,"passed_time":0.6409231275,"remaining_time":0.7403767162},
{"learn":[0.1050079159],"iteration":464,"passed_time":0.6421347834,"remaining_time":0.7388002346},
{"learn":[0.1048615722],"iteration":465,"passed_time":0.6434198311,"remaining_time":0.7373094202},
{"learn":[0.1048158031],"iteration":466,"passed_time":0.6446484627,"remaining_time":0.7357550977},
{"learn":[0.1047387382],"iteration":467,"passed_time":0.6459746901,"remaining_time":0.7343131093},
{"learn":[0.1046710125],"iteration":468,"passed_time":0.6471733629,"remaining_time":0.7327271977},
{"learn":[0.1046287083],"iteration":469,"passed_time":0.6483829039,"remaining_time":0.7311551895},
{"learn":[0.1045132505],"iteration":470,"passed_time":0.6497914465,"remaining_time":0.7298082276},
{"learn":[0.1044328647],"iteration":471,"passed_time":0.6510223169,"remaining_time":0.7282622528},
{"learn":[0.1043933194],"iteration":472,"passed_time":0.65236788,"remaining_time":0.7268453969},
{"learn":[0.1043315425],"iteration":473,"passed_time":0.653582058,"remaining_time":0.7252830433},
{"learn":[0.1042769493],"iteration":474,"passed_time":0.6547921795,"remaining_time":0.7237176721},
{"learn":[0.1042128308],"iteration":475,"passed_time":0.6559749443,"remaining_time":0.7221236782},
{"learn":[0.1041329082],"iteration":476,"passed_time":0.6572051523,"remaining_time":0.720583427},
{"learn":[0.1040890233],"iteration":477,"passed_time":0.6585055828,"remaining_time":0.7191211594},
{"learn":[0.104062197],"iteration":478,"passed_time":0.6597307813,"remaining_time":0.7175777392},
{"learn":[0.1038924489],"iteration":479,"passed_time":0.660958806,"remaining_time":0.7160387065},
{"learn":[0.1038210571],"iteration":480,"passed_time":0.6623797017,"remaining_time":0.7147090752},
{"learn":[0.1037220595],"iteration":481,"passed_time":0.6636529425,"remaining_time":0.7132203822},
{"learn":[0.1036519949],"iteration":482,"passed_time":0.664865272,"remaining_time":0.7116673823},
{"learn":[0.1035860441],"iteration":483,"passed_time":0.6661111107,"remaining_time":0.7101515147},
{"learn":[0.103490806],"iteration":484,"passed_time":0.6673902126,"remaining_time":0.7086720815},
{"learn":[0.1033588425],"iteration":485,"passed_time":0.6686158779,"remaining_time":0.7071369573},
{"learn":[0.1031945999],"iteration":486,"passed_time":0.669841478,"remaining_time":0.7056030353},
{"learn":[0.1031371639],"iteration":487,"passed_time":0.6710755582,"remaining_time":0.7040792742},
{"learn":[0.1030794879],"iteration":488,"passed_time":0.6722925606,"remaining_time":0.7025388517},
{"learn":[0.1029644127],"iteration":489,"passed_time":0.6734851754,"remaining_time":0.7009743662},
{"learn":[0.1028639039],"iteration":490,"passed_time":0.6748959894,"remaining_time":0.6996375939},
{"learn":[0.1028250496],"iteration":491,"passed_time":0.6765526953,"remaining_time":0.698554409},
{"learn":[0.10269503],"iteration":492,"passed_time":0.6779838238,"remaining_time":0.6972369141},
{"learn":[0.1026337683],"iteration":493,"passed_time":0.6793700223,"remaining_time":0.6958729378},
{"learn":[0.1025054925],"iteration":494,"passed_time":0.6806096891,"remaining_time":0.6943593798},
{"learn":[0.1024335245],"iteration":495,"passed_time":0.6818458454,"remaining_time":0.6928433591},
{"learn":[0.1022385417],"iteration":496,"passed_time":0.6835026517,"remaining_time":0.6917541928},
{"learn":[0.1021959199],"iteration":497,"passed_time":0.6847309664,"remaining_time":0.6902308135},
{"learn":[0.1021291804],"iteration":498,"passed_time":0.6859624254,"remaining_time":0.6887117738},
{"learn":[0.1020171594],"iteration":499,"passed_time":0.6872074908,"remaining_time":0.6872074908},
{"learn":[0.1019535698],"iteration":500,"passed_time":0.6884484472,"remaining_time":0.68570015},
{"learn":[0.1018661181],"iteration":501,"passed_time":0.6897005172,"remaining_time":0.6842048955},
{"learn":[0.1017893212],"iteration":502,"passed_time":0.691032833,"remaining_time":0.6827898966},
{"learn":[0.1017227278],"iteration":503,"passed_time":0.692252986,"remaining_time":0.6812648433},
{"learn":[0.1016277366],"iteration":504,"passed_time":0.693533807,"remaining_time":0.6798004643},
{"learn":[0.1015512955],"iteration":505,"passed_time":0.6948635715,"remaining_time":0.6783845935},
{"learn":[0.1015197582],"iteration":506,"passed_time":0.6960986109,"remaining_time":0.676876953},
{"learn":[0.1014218979],"iteration":507,"passed_time":0.6973184166,"remaining_time":0.6753556318},
{"learn":[0.1013897972],"iteration":508,"passed_time":0.6988071624,"remaining_time":0.6740949248},
{"learn":[0.1012790324],"iteration":509,"passed_time":0.7000194621,"remaining_time":0.6725677185},
{"learn":[0.1011497231],"iteration":510,"passed_time":0.701179623,"remaining_time":0.6709918505},
{"learn":[0.1010829422],"iteration":511,"passed_time":0.7024451509,"remaining_time":0.6695180345},
{"learn":[0.1009527252],"iteration":512,"passed_time":0.7036687753,"remaining_time":0.6680052506},
{"learn":[0.1008603618],"iteration":513,"passed_time":0.7048586877,"remaining_time":0.6664617164},
{"learn":[0.1007234143],"iteration":514,"passed_time":0.7060534252,"remaining_time":0.6649240995},
{"learn":[0.100652193],"iteration":515,"passed_time":0.7072730682,"remaining_time":0.6634111725},
{"learn":[0.1005193053],"iteration":516,"passed_time":0.7085277917,"remaining_time":0.6619321536},
{"learn":[0.1003514431],"iteration":517,"passed_time":0.7097750717,"remaining_time":0.6604470744},
{"learn":[0.1002836876],"iteration":518,"passed_time":0.7110286046,"remaining_time":0.6589687068},
{"learn":[0.100209439],"iteration":519,"passed_time":0.7122543821,"remaining_time":0.6574655835},
{"learn":[0.1001506334],"iteration":520,"passed_time":0.7134875116,"remaining_time":0.6559702842},
{"learn":[0.1000496876],"iteration":521,"passed_time":0.714890689,"remaining_time":0.6546317037},
{"learn":[0.09996479454],"iteration":522,"passed_time":0.7161251441,"remaining_time":0.6531389938},
{"learn":[0.09991297922],"iteration":523,"passed_time":0.7173575674,"remaining_time":0.6516454238},
{"learn":[0.0998724574],"iteration":524,"passed_time":0.7186143616,"remaining_time":0.6501748986},
{"learn":[0.09982069393],"iteration":525,"passed_time":0.7198134203,"remaining_time":0.6486531582},
{"learn":[0.09970928783],"iteration":526,"passed_time":0.7210310161,"remaining_time":0.6471492801},
{"learn":[0.09965769362],"iteration":527,"passed_time":0.722263019,"remaining_time":0.6456593655},
{"learn":[0.09958846893],"iteration":528,"passed_time":0.7239854128,"remaining_time":0.64460705},
{"learn":[0.09954931401],"iteration":529,"passed_time":0.725189781,"remaining_time":0.6430928246},
{"learn":[0.09953023679],"iteration":530,"passed_time":0.7265359441,"remaining_time":0.6417050052},
{"learn":[0.09949304881],"iteration":531,"passed_time":0.728749482,"remaining_time":0.6410803714},
{"learn":[0.09939761368],"iteration":532,"passed_time":0.7302101889,"remaining_time":0.6397901655},
{"learn":[0.09935610065],"iteration":533,"passed_time":0.7317078597,"remaining_time":0.6385315779},
{"learn":[0.09930446659],"iteration":534,"passed_time":0.7329819312,"remaining_time":0.6370777533},
{"learn":[0.0992443062],"iteration":535,"passed_time":0.7341863764,"remaining_time":0.6355643259},
{"learn":[0.09911793167],"iteration":536,"passed_time":0.7364155559,"remaining_time":0.6349355724},
{"learn":[0.09902211123],"iteration":537,"passed_time":0.737915898,"remaining_time":0.6336749905},
{"learn":[0.09896247558],"iteration":538,"passed_time":0.7392605057,"remaining_time":0.6322803212},
{"learn":[0.09892252454],"iteration":539,"passed_time":0.7410079557,"remaining_time":0.6312289993},
{"learn":[0.09882920714],"iteration":540,"passed_time":0.7423343837,"remaining_time":0.6298178967},
{"learn":[0.09877209856],"iteration":541,"passed_time":0.7439186219,"remaining_time":0.6286249609},
{"learn":[0.09869242982],"iteration":542,"passed_time":0.7453516762,"remaining_time":0.6273033444},
{"learn":[0.09855330581],"iteration":543,"passed_time":0.7468215197,"remaining_time":0.6260121562},
{"learn":[0.09851224117],"iteration":544,"passed_time":0.748514776,"remaining_time":0.6249068313},
{"learn":[0.09847515673],"iteration":545,"passed_time":0.7498566885,"remaining_time":0.6235072099},
{"learn":[0.0983665298],"iteration":546,"passed_time":0.7515707488,"remaining_time":0.6224159949},
{"learn":[0.09826242412],"iteration":547,"passed_time":0.7528600478,"remaining_time":0.6209721562},
{"learn":[0.09815312155],"iteration":548,"passed_time":0.7541809657,"remaining_time":0.6195548552},
{"learn":[0.09808660253],"iteration":549,"passed_time":0.7552804372,"remaining_time":0.6179567213},
{"learn":[0.09806210333],"iteration":550,"passed_time":0.7579287143,"remaining_time":0.6176224914},
{"learn":[0.09799903817],"iteration":551,"passed_time":0.7607581636,"remaining_time":0.6174269154},
{"learn":[0.09794456857],"iteration":552,"passed_time":0.7628851263,"remaining_time":0.6166539809},
{"learn":[0.09791430269],"iteration":553,"passed_time":0.7657024595,"remaining_time":0.6164319439},
{"learn":[0.09785924188],"iteration":554,"passed_time":0.7694223157,"remaining_time":0.6169241991},
{"learn":[0.09781079275],"iteration":555,"passed_time":0.7723040061,"remaining_time":0.6167319761},
{"learn":[0.09775123774],"iteration":556,"passed_time":0.7744001799,"remaining_time":0.6159053495},
{"learn":[0.09757802498],"iteration":557,"passed_time":0.7765492569,"remaining_time":0.615116078},
{"learn":[0.0975141987],"iteration":558,"passed_time":0.7787215071,"remaining_time":0.6143402229},
{"learn":[0.09740877813],"iteration":559,"passed_time":0.7824631641,"remaining_time":0.6147924861},
{"learn":[0.09732839713],"iteration":560,"passed_time":0.7863381219,"remaining_time":0.6153341096},
{"learn":[0.09715110029],"iteration":561,"passed_time":0.7913830685,"remaining_time":0.6167718577},
{"learn":[0.0970979418],"iteration":562,"passed_time":0.7943621531,"remaining_time":0.6165830567},
{"learn":[0.09702734339],"iteration":563,"passed_time":0.7967374383,"remaining_time":0.6159175942},
{"learn":[0.09694280771],"iteration":564,"passed_time":0.7983498044,"remaining_time":0.6146586989},
{"learn":[0.09688354979],"iteration":565,"passed_time":0.8002062286,"remaining_time":0.6135856947},
{"learn":[0.0968181121],"iteration":566,"passed_time":0.8019138541,"remaining_time":0.6123962942},
{"learn":[0.09672357261],"iteration":567,"passed_time":0.8034421049,"remaining_time":0.6110686432},
{"learn":[0.09663410441],"iteration":568,"passed_time":0.8049250879,"remaining_time":0.6097059981},
{"learn":[0.09659908692],"iteration":569,"passed_time":0.8064229834,"remaining_time":0.6083541805},
{"learn":[0.09650552748],"iteration":570,"passed_time":0.8079539733,"remaining_time":0.6070267155},
{"learn":[0.09648136096],"iteration":571,"passed_time":0.8094501921,"remaining_time":0.6056725214},
{"learn":[0.0963779999],"iteration":572,"passed_time":0.8109457557,"remaining_time":0.6043173433},
{"learn":[0.09628360671],"iteration":573,"passed_time":0.8124281777,"remaining_time":0.6029519228},
{"learn":[0.09618534132],"iteration":574,"passed_time":0.8140452852,"remaining_time":0.6016856455},
{"learn":[0.0961170983],"iteration":575,"passed_time":0.8155434756,"remaining_time":0.600330614},
{"learn":[0.09605583602],"iteration":576,"passed_time":0.8170431936,"remaining_time":0.5989762061},
{"learn":[0.09593439215],"iteration":577,"passed_time":0.8186897204,"remaining_time":0.597728481},
{"learn":[0.09590263538],"iteration":578,"passed_time":0.8201686826,"remaining_time":0.5963575395},
{"learn":[0.09584581291],"iteration":579,"passed_time":0.8216720917,"remaining_time":0.5950039285},
{"learn":[0.09581134001],"iteration":580,"passed_time":0.8231707928,"remaining_time":0.5936464065},
{"learn":[0.09576506115],"iteration":581,"passed_time":0.8246592298,"remaining_time":0.5922810276},
{"learn":[0.09559752481],"iteration":582,"passed_time":0.8263510253,"remaining_time":0.5910606819},
{"learn":[0.09548765037],"iteration":583,"passed_time":0.8278520091,"remaining_time":0.589702801},
{"learn":[0.09541668439],"iteration":584,"passed_time":0.8293757278,"remaining_time":0.5883605591},
{"learn":[0.09535492041],"iteration":585,"passed_time":0.8308647278,"remaining_time":0.5869931695},
{"learn":[0.09522465127],"iteration":586,"passed_time":0.8323535401,"remaining_time":0.5856252335},
{"learn":[0.09518103431],"iteration":587,"passed_time":0.8339884834,"remaining_time":0.5843592775},
{"learn":[0.09513359897],"iteration":588,"passed_time":0.835506951,"remaining_time":0.5830107926},
{"learn":[0.09505906753],"iteration":589,"passed_time":0.8370231231,"remaining_time":0.5816601364},
{"learn":[0.09502315267],"iteration":590,"passed_time":0.8385183632,"remaining_time":0.5802944341},
{"learn":[0.09492807158],"iteration":591,"passed_time":0.840084533,"remaining_time":0.5789771781},
{"learn":[0.0948952236],"iteration":592,"passed_time":0.8416661067,"remaining_time":0.577669655},
{"learn":[0.09485354524],"iteration":593,"passed_time":0.8434907418,"remaining_time":0.576527342},
{"learn":[0.09479508865],"iteration":594,"passed_time":0.8451546251,"remaining_time":0.5752733163},
{"learn":[0.09472132895],"iteration":595,"passed_time":0.8466553105,"remaining_time":0.573907291},
{"learn":[0.09467705265],"iteration":596,"passed_time":0.8481478363,"remaining_time":0.5725353066},
{"learn":[0.09465165511],"iteration":597,"passed_time":0.8496346258,"remaining_time":0.5711590628},
{"learn":[0.09456980613],"iteration":598,"passed_time":0.8511411955,"remaining_time":0.5697956918},
{"learn":[0.09450219257],"iteration":599,"passed_time":0.8526732828,"remaining_time":0.5684488552},
{"learn":[0.09446938717],"iteration":600,"passed_time":0.8543640486,"remaining_time":0.5672067477},
{"learn":[0.09444439013],"iteration":601,"passed_time":0.8558100487,"remaining_time":0.5658013279},
{"learn":[0.09440466975],"iteration":602,"passed_time":0.8572887047,"remaining_time":0.5644172732},
{"learn":[0.09428010898],"iteration":603,"passed_time":0.8587523968,"remaining_time":0.5630230946},
{"learn":[0.09420843534],"iteration":604,"passed_time":0.8602286497,"remaining_time":0.561636887},
{"learn":[0.09413639197],"iteration":605,"passed_time":0.861729861,"remaining_time":0.5602666093},
{"learn":[0.09407799528],"iteration":606,"passed_time":0.8632384645,"remaining_time":0.5589006863},
{"learn":[0.09400575281],"iteration":607,"passed_time":0.8647553598,"remaining_time":0.5575396398},
{"learn":[0.09391864173],"iteration":608,"passed_time":0.8663866246,"remaining_time":0.556251511},
{"learn":[0.09387174289],"iteration":609,"passed_time":0.8679119244,"remaining_time":0.5548945091},
{"learn":[0.09382215539],"iteration":610,"passed_time":0.869396198,"remaining_time":0.5535108364},
{"learn":[0.09377268035],"iteration":611,"passed_time":0.8708738882,"remaining_time":0.5521226611},
{"learn":[0.09373176907],"iteration":612,"passed_time":0.8723668877,"remaining_time":0.5507438589},
{"learn":[0.09367476709],"iteration":613,"passed_time":0.8739954714,"remaining_time":0.5494499218},
{"learn":[0.09363760777],"iteration":614,"passed_time":0.8755060203,"remaining_time":0.5480810046},
{"learn":[0.09360582138],"iteration":615,"passed_time":0.8770144106,"remaining_time":0.5467102819},
{"learn":[0.09353860325],"iteration":616,"passed_time":0.8785537032,"remaining_time":0.5453582955},
{"learn":[0.09350263081],"iteration":617,"passed_time":0.8800329491,"remaining_time":0.5439685867},
{"learn":[0.093454195],"iteration":618,"passed_time":0.8817942844,"remaining_time":0.542752217},
{"learn":[0.09334905717],"iteration":619,"passed_time":0.883305483,"remaining_time":0.5413807799},
{"learn":[0.09331655682],"iteration":620,"passed_time":0.8848348933,"remaining_time":0.5400200074},
{"learn":[0.09328982467],"iteration":621,"passed_time":0.8863361015,"remaining_time":0.5386415537},
{"learn":[0.09325208144],"iteration":622,"passed_time":0.887832372,"remaining_time":0.5372597179},
{"learn":[0.09322220504],"iteration":623,"passed_time":0.8894507835,"remaining_time":0.5359511132},
{"learn":[0.09311871511],"iteration":624,"passed_time":0.8912993642,"remaining_time":0.5347796185},
{"learn":[0.09307557096],"iteration":625,"passed_time":0.8928741135,"remaining_time":0.5334423617},
{"learn":[0.09301935085],"iteration":626,"passed_time":0.8943723946,"remaining_time":0.5320588567},
{"learn":[0.09294114822],"iteration":627,"passed_time":0.8959693594,"remaining_time":0.5307334422},
{"learn":[0.09285486685],"iteration":628,"passed_time":0.8974299021,"remaining_time":0.529326699},
{"learn":[0.09282768837],"iteration":629,"passed_time":0.8989645746,"remaining_time":0.5279633216},
{"learn":[0.09279747409],"iteration":630,"passed_time":0.9004958488,"remaining_time":0.5265974139},
{"learn":[0.09268089096],"iteration":631,"passed_time":0.9020315221,"remaining_time":0.5252335445},
{"learn":[0.09262584549],"iteration":632,"passed_time":0.9035510489,"remaining_time":0.5238597709},
{"learn":[0.09252945527],"iteration":633,"passed_time":0.9050511782,"remaining_time":0.5224743395},
{"learn":[0.09248824549],"iteration":634,"passed_time":0.9065459939,"remaining_time":0.5210854926},
{"learn":[0.09244268581],"iteration":635,"passed_time":0.908097638,"remaining_time":0.5197288368},
{"learn":[0.09235209714],"iteration":636,"passed_time":0.9095999433,"remaining_time":0.5183434528},
{"learn":[0.09230740813],"iteration":637,"passed_time":0.9110855504,"remaining_time":0.5169482276},
{"learn":[0.09222727107],"iteration":638,"passed_time":0.9125698371,"remaining_time":0.5155519737},
{"learn":[0.09216149394],"iteration":639,"passed_time":0.9140699993,"remaining_time":0.5141643746},
{"learn":[0.0921137315],"iteration":640,"passed_time":0.915765094,"remaining_time":0.5128855987},
{"learn":[0.09208631275],"iteration":641,"passed_time":0.9173021103,"remaining_time":0.5115173761},
{"learn":[0.09202710212],"iteration":642,"passed_time":0.9188597409,"remaining_time":0.5101600739},
{"learn":[0.09188753735],"iteration":643,"passed_time":0.9203261316,"remaining_time":0.5087517125},
{"learn":[0.09182507614],"iteration":644,"passed_time":0.9218155843,"remaining_time":0.5073558642},
{"learn":[0.09175455642],"iteration":645,"passed_time":0.9235421741,"remaining_time":0.5060896743},
{"learn":[0.09171942524],"iteration":646,"passed_time":0.9250362704,"remaining_time":0.504695214},
{"learn":[0.09169525108],"iteration":647,"passed_time":0.9265324381,"remaining_time":0.5033015713},
{"learn":[0.09164917542],"iteration":648,"passed_time":0.9279895916,"remaining_time":0.5018865126},
{"learn":[0.09162450263],"iteration":649,"passed_time":0.9295117355,"remaining_time":0.5005063191},
{"learn":[0.09158636754],"iteration":650,"passed_time":0.931015185,"remaining_time":0.4991156675},
{"learn":[0.09156457191],"iteration":651,"passed_time":0.9325331012,"remaining_time":0.4977323914},
{"learn":[0.09153071334],"iteration":652,"passed_time":0.9340163899,"remaining_time":0.4963303021},
{"learn":[0.09147985785],"iteration":653,"passed_time":0.9356742133,"remaining_time":0.4950203025},
{"learn":[0.09142198012],"iteration":654,"passed_time":0.9374284354,"remaining_time":0.4937600156},
{"learn":[0.091350573],"iteration":655,"passed_time":0.9391788928,"remaining_time":0.4924962486},
{"learn":[0.09128863173],"iteration":656,"passed_time":0.9409405994,"remaining_time":0.4912368731},
{"learn":[0.09126939387],"iteration":657,"passed_time":0.9422426311,"remaining_time":0.4897370514},
{"learn":[0.09121705404],"iteration":658,"passed_time":0.9437138341,"remaining_time":0.4883253679},
{"learn":[0.09108559784],"iteration":659,"passed_time":0.9450669103,"remaining_time":0.4868526508},
{"learn":[0.09104963774],"iteration":660,"passed_time":0.9463726553,"remaining_time":0.4853560214},
{"learn":[0.09097553419],"iteration":661,"passed_time":0.9477365843,"remaining_time":0.483889676},
{"learn":[0.09090610241],"iteration":662,"passed_time":0.9491131616,"remaining_time":0.4824300686},
{"learn":[0.09081897713],"iteration":663,"passed_time":0.950465142,"remaining_time":0.4809582646},
{"learn":[0.09076656511],"iteration":664,"passed_time":0.9517510512,"remaining_time":0.4794535371},
{"learn":[0.09073261307],"iteration":665,"passed_time":0.953061589,"remaining_time":0.4779618179},
{"learn":[0.09065101481],"iteration":666,"passed_time":0.9543765206,"remaining_time":0.4764728356},
{"learn":[0.09058396777],"iteration":667,"passed_time":0.9557420806,"remaining_time":0.4750095371},
{"learn":[0.09050699344],"iteration":668,"passed_time":0.9570536726,"remaining_time":0.4735198291},
{"learn":[0.09040430442],"iteration":669,"passed_time":0.9584795408,"remaining_time":0.472086938},
{"learn":[0.09031760304],"iteration":670,"passed_time":0.9598130703,"remaining_time":0.470608793},
{"learn":[0.09028378805],"iteration":671,"passed_time":0.9611358135,"remaining_time":0.4691258137},
{"learn":[0.09025475356],"iteration":672,"passed_time":0.9624518467,"remaining_time":0.4676400503},
{"learn":[0.09021444968],"iteration":673,"passed_time":0.9637851075,"remaining_time":0.4661631232},
{"learn":[0.09015579102],"iteration":674,"passed_time":0.9650923195,"remaining_time":0.4646740797},
{"learn":[0.0901139755],"iteration":675,"passed_time":0.9664187813,"remaining_time":0.4631948005},
{"learn":[0.09009658397],"iteration":676,"passed_time":0.9677361874,"remaining_time":0.4617116522},
{"learn":[0.09002504638],"iteration":677,"passed_time":0.9691481728,"remaining_time":0.460273911},
{"learn":[0.08997847003],"iteration":678,"passed_time":0.9705382762,"remaining_time":0.4588259008},
{"learn":[0.08991784502],"iteration":679,"passed_time":0.9719278075,"remaining_time":0.4573777918},
{"learn":[0.08985887986],"iteration":680,"passed_time":0.9732509294,"remaining_time":0.4558987466},
{"learn":[0.08982892888],"iteration":681,"passed_time":0.9745581601,"remaining_time":0.4544127491},
{"learn":[0.08978849219],"iteration":682,"passed_time":0.9758674983,"remaining_time":0.4529282532},
{"learn":[0.08976022823],"iteration":683,"passed_time":0.9773378841,"remaining_time":0.4515186716},
{"learn":[0.08971517077],"iteration":684,"passed_time":0.9786537311,"remaining_time":0.4500378471},
{"learn":[0.08967733367],"iteration":685,"passed_time":0.9800715275,"remaining_time":0.4486041686},
{"learn":[0.08965496038],"iteration":686,"passed_time":0.9813899107,"remaining_time":0.4471252432},
{"learn":[0.08963454498],"iteration":687,"passed_time":0.9830102582,"remaining_time":0.4457837217},
{"learn":[0.08958095431],"iteration":688,"passed_time":0.9844742913,"remaining_time":0.4443708339},
{"learn":[0.08948358096],"iteration":689,"passed_time":0.9859335221,"remaining_time":0.4429556404},
{"learn":[0.08942951966],"iteration":690,"passed_time":0.9872515715,"remaining_time":0.4414771861},
{"learn":[0.08939819811],"iteration":691,"passed_time":0.9885927477,"remaining_time":0.4400094889},
{"learn":[0.08938010673],"iteration":692,"passed_time":0.989908474,"remaining_time":0.4385308824},
{"learn":[0.08931882715],"iteration":693,"passed_time":0.9912354166,"remaining_time":0.4370576909},
{"learn":[0.08928192043],"iteration":694,"passed_time":0.9925782357,"remaining_time":0.4355918876},
{"learn":[0.08924102114],"iteration":695,"passed_time":0.9939376223,"remaining_time":0.4341336741},
{"learn":[0.08920512324],"iteration":696,"passed_time":0.9952935063,"remaining_time":0.4326742215},
{"learn":[0.08917161874],"iteration":697,"passed_time":0.9966332825,"remaining_time":0.4312080965},
{"learn":[0.08911462914],"iteration":698,"passed_time":0.9979683803,"remaining_time":0.4297403183},
{"learn":[0.08908374041],"iteration":699,"passed_time":0.9994425747,"remaining_time":0.428332532},
{"learn":[0.0890427962],"iteration":700,"passed_time":1.000769717,"remaining_time":0.4268618335},
{"learn":[0.08901142743],"iteration":701,"passed_time":1.002114134,"remaining_time":0.4253988772},
{"learn":[0.08896126058],"iteration":702,"passed_time":1.003444051,"remaining_time":0.4239301326},
{"learn":[0.08892368397],"iteration":703,"passed_time":1.004800344,"remaining_time":0.4224728719},
{"learn":[0.08888119635],"iteration":704,"passed_time":1.0062459,"remaining_time":0.4210532489},
{"learn":[0.08883659146],"iteration":705,"passed_time":1.007630334,"remaining_time":0.4196080994},
{"learn":[0.08881108364],"iteration":706,"passed_time":1.00901415,"remaining_time":0.4181628654},
{"learn":[0.08878762688],"iteration":707,"passed_time":1.010284298,"remaining_time":0.4166709251},
{"learn":[0.08872997754],"iteration":708,"passed_time":1.011599984,"remaining_time":0.415198301},
{"learn":[0.08870997894],"iteration":709,"passed_time":1.013061722,"remaining_time":0.4137857736},
{"learn":[0.08865962794],"iteration":710,"passed_time":1.014364916,"remaining_time":0.4123086648},
{"learn":[0.08856946394],"iteration":711,"passed_time":1.015692665,"remaining_time":0.410841977},
{"learn":[0.08850164297],"iteration":712,"passed_time":1.017271662,"remaining_time":0.4094768122},
{"learn":[0.08846690683],"iteration":713,"passed_time":1.018577303,"remaining_time":0.4080015527},
{"learn":[0.08842901071],"iteration":714,"passed_time":1.019917401,"remaining_time":0.4065405024},
{"learn":[0.08836438658],"iteration":715,"passed_time":1.021233204,"remaining_time":0.4050701536},
{"learn":[0.08832453413],"iteration":716,"passed_time":1.022575336,"remaining_time":0.4036106279},
{"learn":[0.08826123304],"iteration":717,"passed_time":1.023890408,"remaining_time":0.402140801},
{"learn":[0.0882301503],"iteration":718,"passed_time":1.025206071,"remaining_time":0.4006716354},
{"learn":[0.08818981469],"iteration":719,"passed_time":1.02684477,"remaining_time":0.3993285218},
{"learn":[0.08814743075],"iteration":720,"passed_time":1.028299753,"remaining_time":0.3979134966},
{"learn":[0.08806222261],"iteration":721,"passed_time":1.02965422,"remaining_time":0.396459658},
{"learn":[0.08799160425],"iteration":722,"passed_time":1.031141624,"remaining_time":0.395057026},
{"learn":[0.08795698373],"iteration":723,"passed_time":1.032703883,"remaining_time":0.3936826956},
{"learn":[0.0879113563],"iteration":724,"passed_time":1.034036261,"remaining_time":0.3922206508},
{"learn":[0.08788675132],"iteration":725,"passed_time":1.035379823,"remaining_time":0.3907631837},
{"learn":[0.08785168653],"iteration":726,"passed_time":1.036698738,"remaining_time":0.389296775},
{"learn":[0.08778321966],"iteration":727,"passed_time":1.038043011,"remaining_time":0.3878402459},
{"learn":[0.08775391666],"iteration":728,"passed_time":1.03935008,"remaining_time":0.3863701942},
{"learn":[0.08773088112],"iteration":729,"passed_time":1.040854788,"remaining_time":0.3849736887},
{"learn":[0.08765396419],"iteration":730,"passed_time":1.042170201,"remaining_time":0.3835072286},
{"learn":[0.08757513775],"iteration":731,"passed_time":1.043659526,"remaining_time":0.3821048538},
{"learn":[0.08755187254],"iteration":732,"passed_time":1.045000553,"remaining_time":0.3806482231},
{"learn":[0.08749590763],"iteration":733,"passed_time":1.046318466,"remaining_time":0.3791835312},
{"learn":[0.08745440945],"iteration":734,"passed_time":1.047634276,"remaining_time":0.3777184803},
{"learn":[0.08743549852],"iteration":735,"passed_time":1.049039198,"remaining_time":0.3762857993},
{"learn":[0.08732526012],"iteration":736,"passed_time":1.050633295,"remaining_time":0.3749207009},
{"learn":[0.0872965171],"iteration":737,"passed_time":1.051987141,"remaining_time":0.3734696897},
{"learn":[0.08726051239],"iteration":738,"passed_time":1.053340246,"remaining_time":0.3720186796},
{"learn":[0.08723156752],"iteration":739,"passed_time":1.054633423,"remaining_time":0.3705468782},
{"learn":[0.08717797989],"iteration":740,"passed_time":1.055969961,"remaining_time":0.3690907151},
{"learn":[0.08715484995],"iteration":741,"passed_time":1.057390534,"remaining_time":0.3676640939},
{"learn":[0.08711065891],"iteration":742,"passed_time":1.058725294,"remaining_time":0.366207807},
{"learn":[0.08709049709],"iteration":743,"passed_time":1.060038035,"remaining_time":0.3647442701},
{"learn":[0.08705223813],"iteration":744,"passed_time":1.061334557,"remaining_time":0.3632755868},
{"learn":[0.08701450872],"iteration":745,"passed_time":1.062645397,"remaining_time":0.3618122399},
{"learn":[0.08695152746],"iteration":746,"passed_time":1.06396242,"remaining_time":0.3603513952},
{"learn":[0.08692597714],"iteration":747,"passed_time":1.065296898,"remaining_time":0.3588968158},
{"learn":[0.08691190889],"iteration":748,"passed_time":1.066691516,"remaining_time":0.3574627109},
{"learn":[0.08686088662],"iteration":749,"passed_time":1.068122162,"remaining_time":0.3560407208},
{"learn":[0.08677962521],"iteration":750,"passed_time":1.069429177,"remaining_time":0.3545777165},
{"learn":[0.08671693554],"iteration":751,"passed_time":1.071034215,"remaining_time":0.3532134112},
{"learn":[0.0866641594],"iteration":752,"passed_time":1.072485097,"remaining_time":0.3517979003},
{"learn":[0.08663300966],"iteration":753,"passed_time":1.07386097,"remaining_time":0.3503578231},
{"learn":[0.08658203039],"iteration":754,"passed_time":1.075227536,"remaining_time":0.3489148957},
{"learn":[0.08651088503],"iteration":755,"passed_time":1.076563718,"remaining_time":0.347462364},
{"learn":[0.0864272695],"iteration":756,"passed_time":1.077908014,"remaining_time":0.3460127443},
{"learn":[0.08639312214],"iteration":757,"passed_time":1.079550504,"remaining_time":0.3446586041},
{"learn":[0.08632721103],"iteration":758,"passed_time":1.080888538,"remaining_time":0.3432070326},
{"learn":[0.0862891229],"iteration":759,"passed_time":1.082251325,"remaining_time":0.3417635762},
{"learn":[0.08623253508],"iteration":760,"passed_time":1.083588016,"remaining_time":0.3403121365},
{"learn":[0.08618587985],"iteration":761,"passed_time":1.084929779,"remaining_time":0.3388625819},
{"learn":[0.08617787438],"iteration":762,"passed_time":1.086249992,"remaining_time":0.3374066162},
{"learn":[0.08613610699],"iteration":763,"passed_time":1.087577036,"remaining_time":0.3359531158},
{"learn":[0.08609904387],"iteration":764,"passed_time":1.088931535,"remaining_time":0.3345083801},
{"learn":[0.08601954223],"iteration":765,"passed_time":1.090698416,"remaining_time":0.3331898556},
{"learn":[0.08599427247],"iteration":766,"passed_time":1.094601888,"remaining_time":0.3325192176},
{"learn":[0.08592032982],"iteration":767,"passed_time":1.099194677,"remaining_time":0.3320483921},
{"learn":[0.08587448019],"iteration":768,"passed_time":1.102289894,"remaining_time":0.3311169903},
{"learn":[0.08584297563],"iteration":769,"passed_time":1.10414303,"remaining_time":0.3298089569},
{"learn":[0.0857964659],"iteration":770,"passed_time":1.105630508,"remaining_time":0.3283909031},
{"learn":[0.08576800422],"iteration":771,"passed_time":1.107126771,"remaining_time":0.3269752641},
{"learn":[0.08574510322],"iteration":772,"passed_time":1.108870326,"remaining_time":0.3256320363},
{"learn":[0.08572084276],"iteration":773,"passed_time":1.110403996,"remaining_time":0.3242264899},
{"learn":[0.08569077747],"iteration":774,"passed_time":1.111894585,"remaining_time":0.3228081054},
{"learn":[0.08565927444],"iteration":775,"passed_time":1.113364641,"remaining_time":0.3213836076},
{"learn":[0.08563935872],"iteration":776,"passed_time":1.114843784,"remaining_time":0.3199616007},
{"learn":[0.08560769742],"iteration":777,"passed_time":1.116333368,"remaining_time":0.3185424263},
{"learn":[0.0855755094],"iteration":778,"passed_time":1.117947068,"remaining_time":0.3171582825},
{"learn":[0.08554258143],"iteration":779,"passed_time":1.119453442,"remaining_time":0.3157432786},
{"learn":[0.08551897398],"iteration":780,"passed_time":1.121113018,"remaining_time":0.3143709998},
{"learn":[0.08548731904],"iteration":781,"passed_time":1.122634409,"remaining_time":0.3129594643},
{"learn":[0.08547207469],"iteration":782,"passed_time":1.123687791,"remaining_time":0.3114179446},
{"learn":[0.08541246326],"iteration":783,"passed_time":1.125372881,"remaining_time":0.3100517122},
{"learn":[0.08533448519],"iteration":784,"passed_time":1.127189265,"remaining_time":0.3087206267},
{"learn":[0.08530706268],"iteration":785,"passed_time":1.128714277,"remaining_time":0.3073089763},
{"learn":[0.08527828029],"iteration":786,"passed_time":1.130275457,"remaining_time":0.3059068264},
{"learn":[0.08524512989],"iteration":787,"passed_time":1.131868431,"remaining_time":0.3045128267},
{"learn":[0.08523002708],"iteration":788,"passed_time":1.13344452,"remaining_time":0.3031138071},
{"learn":[0.08516088197],"iteration":789,"passed_time":1.134939246,"remaining_time":0.3016927109},
{"learn":[0.08509937143],"iteration":790,"passed_time":1.136474383,"remaining_time":0.3002821063},
{"learn":[0.08507579629],"iteration":791,"passed_time":1.137923931,"remaining_time":0.2988487093},
{"learn":[0.08502411659],"iteration":792,"passed_time":1.139430227,"remaining_time":0.2974300845},
{"learn":[0.08497541085],"iteration":793,"passed_time":1.141053385,"remaining_time":0.2960415584},
{"learn":[0.08490760786],"iteration":794,"passed_time":1.142555099,"remaining_time":0.2946211261},
{"learn":[0.08481049332],"iteration":795,"passed_time":1.14405844,"remaining_time":0.2932009067},
{"learn":[0.08475343332],"iteration":796,"passed_time":1.146167043,"remaining_time":0.2919346421},
{"learn":[0.0846958979],"iteration":797,"passed_time":1.148191413,"remaining_time":0.2906449442},
{"learn":[0.0846653424],"iteration":798,"passed_time":1.150235106,"remaining_time":0.2893582681},
{"learn":[0.08465065005],"iteration":799,"passed_time":1.152241949,"remaining_time":0.2880604873},
{"learn":[0.08462212216],"iteration":800,"passed_time":1.154232862,"remaining_time":0.2867569782},
{"learn":[0.08456569901],"iteration":801,"passed_time":1.156263713,"remaining_time":0.2854616148},
{"learn":[0.08453643571],"iteration":802,"passed_time":1.158277745,"remaining_time":0.2841602936},
{"learn":[0.08451471817],"iteration":803,"passed_time":1.160164321,"remaining_time":0.2828261281},
{"learn":[0.08444655789],"iteration":804,"passed_time":1.162094083,"remaining_time":0.2815010512},
{"learn":[0.08441368194],"iteration":805,"passed_time":1.164019511,"remaining_time":0.2801734308},
{"learn":[0.08438839787],"iteration":806,"passed_time":1.165915561,"remaining_time":0.2788373026},
{"learn":[0.08432625861],"iteration":807,"passed_time":1.167806494,"remaining_time":0.2774985728},
{"learn":[0.08427101087],"iteration":808,"passed_time":1.169890743,"remaining_time":0.2762041185},
{"learn":[0.08424906994],"iteration":809,"passed_time":1.171788711,"remaining_time":0.2748640186},
{"learn":[0.08423513073],"iteration":810,"passed_time":1.174059721,"remaining_time":0.2736094787},
{"learn":[0.08419586458],"iteration":811,"passed_time":1.176223373,"remaining_time":0.2723275789},
{"learn":[0.08415344603],"iteration":812,"passed_time":1.178266856,"remaining_time":0.2710158698},
{"learn":[0.08412405069],"iteration":813,"passed_time":1.17977072,"remaining_time":0.269579059},
{"learn":[0.08407930393],"iteration":814,"passed_time":1.192487249,"remaining_time":0.2706872897},
{"learn":[0.08403916431],"iteration":815,"passed_time":1.193817685,"remaining_time":0.2691941839},
{"learn":[0.08401850236],"iteration":816,"passed_time":1.195090075,"remaining_time":0.2676884746},
{"learn":[0.08399166252],"iteration":817,"passed_time":1.196548664,"remaining_time":0.2662247639},
{"learn":[0.08397472289],"iteration":818,"passed_time":1.197789063,"remaining_time":0.2647128453},
{"learn":[0.08396019051],"iteration":819,"passed_time":1.19903283,"remaining_time":0.2632023285},
{"learn":[0.08394572526],"iteration":820,"passed_time":1.200295141,"remaining_time":0.2616965046},
{"learn":[0.08384590578],"iteration":821,"passed_time":1.201533015,"remaining_time":0.2601859813},
{"learn":[0.08379113833],"iteration":822,"passed_time":1.202780163,"remaining_time":0.2586781152},
{"learn":[0.08375293907],"iteration":823,"passed_time":1.204016347,"remaining_time":0.2571685401},
{"learn":[0.08369822732],"iteration":824,"passed_time":1.205253231,"remaining_time":0.2556597762},
{"learn":[0.0836468238],"iteration":825,"passed_time":1.206706973,"remaining_time":0.2541973527},
{"learn":[0.08362810351],"iteration":826,"passed_time":1.207945599,"remaining_time":0.2526899499},
{"learn":[0.08359034374],"iteration":827,"passed_time":1.20919416,"remaining_time":0.2511852603},
{"learn":[0.08357212212],"iteration":828,"passed_time":1.210527263,"remaining_time":0.2496986272},
{"learn":[0.0835249203],"iteration":829,"passed_time":1.21178074,"remaining_time":0.2481960552},
{"learn":[0.08349303162],"iteration":830,"passed_time":1.213010138,"remaining_time":0.2466891856},
{"learn":[0.08346265937],"iteration":831,"passed_time":1.214246571,"remaining_time":0.2451844037},
{"learn":[0.08342451714],"iteration":832,"passed_time":1.2154976,"remaining_time":0.2436831923},
{"learn":[0.08338773804],"iteration":833,"passed_time":1.216796768,"remaining_time":0.2421921625},
{"learn":[0.08335498173],"iteration":834,"passed_time":1.218060978,"remaining_time":0.2406946843},
{"learn":[0.08329714823],"iteration":835,"passed_time":1.219291659,"remaining_time":0.2391911867},
{"learn":[0.08327228522],"iteration":836,"passed_time":1.220765148,"remaining_time":0.2377356262},
{"learn":[0.08325352024],"iteration":837,"passed_time":1.221997801,"remaining_time":0.2362334651},
{"learn":[0.08319120315],"iteration":838,"passed_time":1.223255762,"remaining_time":0.2347368029},
{"learn":[0.08316878904],"iteration":839,"passed_time":1.224449201,"remaining_time":0.2332284193},
{"learn":[0.08315049737],"iteration":840,"passed_time":1.225697493,"remaining_time":0.231731155},
{"learn":[0.0831341552],"iteration":841,"passed_time":1.227177707,"remaining_time":0.230278002},
{"learn":[0.08308214247],"iteration":842,"passed_time":1.228488624,"remaining_time":0.2287932551},
{"learn":[0.08304760298],"iteration":843,"passed_time":1.230188948,"remaining_time":0.2273808956},
{"learn":[0.08303423391],"iteration":844,"passed_time":1.23124337,"remaining_time":0.2258493756},
{"learn":[0.0830000012],"iteration":845,"passed_time":1.232478353,"remaining_time":0.2243518515},
{"learn":[0.08297145859],"iteration":846,"passed_time":1.233712297,"remaining_time":0.2228547597},
{"learn":[0.08295405217],"iteration":847,"passed_time":1.234935852,"remaining_time":0.2213564263},
{"learn":[0.08292825337],"iteration":848,"passed_time":1.23617148,"remaining_time":0.2198608875},
{"learn":[0.0828885884],"iteration":849,"passed_time":1.237448439,"remaining_time":0.218373254},
{"learn":[0.08283541945],"iteration":850,"passed_time":1.238654337,"remaining_time":0.2168736736},
{"learn":[0.08276229383],"iteration":851,"passed_time":1.239883457,"remaining_time":0.2153788165},
{"learn":[0.0827314593],"iteration":852,"passed_time":1.241307331,"remaining_time":0.213918145},
{"learn":[0.08272177803],"iteration":853,"passed_time":1.242536262,"remaining_time":0.2124242321},
{"learn":[0.08267931428],"iteration":854,"passed_time":1.243786958,"remaining_time":0.2109346304},
{"learn":[0.08265393828],"iteration":855,"passed_time":1.245107501,"remaining_time":0.2094573366},
{"learn":[0.08263220669],"iteration":856,"passed_time":1.24636043,"remaining_time":0.2079691267},
{"learn":[0.08261569404],"iteration":857,"passed_time":1.247585867,"remaining_time":0.2064769151},
{"learn":[0.08258971185],"iteration":858,"passed_time":1.248850507,"remaining_time":0.2049917596},
{"learn":[0.08257913972],"iteration":859,"passed_time":1.250110366,"remaining_time":0.2035063387},
{"learn":[0.08253465957],"iteration":860,"passed_time":1.25136226,"remaining_time":0.2020201558},
{"learn":[0.08245788225],"iteration":861,"passed_time":1.25261599,"remaining_time":0.2005348104},
{"learn":[0.08244027985],"iteration":862,"passed_time":1.253873342,"remaining_time":0.1990505768},
{"learn":[0.08239791377],"iteration":863,"passed_time":1.255313682,"remaining_time":0.1975956722},
{"learn":[0.08234449528],"iteration":864,"passed_time":1.256610003,"remaining_time":0.1961183242},
{"learn":[0.08229887661],"iteration":865,"passed_time":1.257857484,"remaining_time":0.194633837},
{"learn":[0.08223990989],"iteration":866,"passed_time":1.259105239,"remaining_time":0.1931499387},
{"learn":[0.0822245984],"iteration":867,"passed_time":1.260373648,"remaining_time":0.1916697253},
{"learn":[0.08219131885],"iteration":868,"passed_time":1.261712214,"remaining_time":0.1902005753},
{"learn":[0.08214413101],"iteration":869,"passed_time":1.263155382,"remaining_time":0.188747356},
{"learn":[0.08210957014],"iteration":870,"passed_time":1.264452357,"remaining_time":0.1872725075},
{"learn":[0.08207324766],"iteration":871,"passed_time":1.265907976,"remaining_time":0.1858213543},
{"learn":[0.08205830551],"iteration":872,"passed_time":1.267206435,"remaining_time":0.1843473278},
{"learn":[0.08203170486],"iteration":873,"passed_time":1.268710566,"remaining_time":0.182903354},
{"learn":[0.08197560703],"iteration":874,"passed_time":1.27003754,"remaining_time":0.1814339343},
{"learn":[0.0819510999],"iteration":875,"passed_time":1.271399052,"remaining_time":0.1799697288},
{"learn":[0.0818831978],"iteration":876,"passed_time":1.27261863,"remaining_time":0.1784858512},
{"learn":[0.08187101454],"iteration":877,"passed_time":1.273969755,"remaining_time":0.1770208543},
{"learn":[0.08179479371],"iteration":878,"passed_time":1.275193818,"remaining_time":0.1755386257},
{"learn":[0.0817077729],"iteration":879,"passed_time":1.276454005,"remaining_time":0.1740619098},
{"learn":[0.08162792304],"iteration":880,"passed_time":1.277707669,"remaining_time":0.1725848044},
{"learn":[0.08159530747],"iteration":881,"passed_time":1.278946591,"remaining_time":0.1711062332},
{"learn":[0.08154936655],"iteration":882,"passed_time":1.28017843,"remaining_time":0.1696272665},
{"learn":[0.08154012684],"iteration":883,"passed_time":1.281229375,"remaining_time":0.1681251216},
{"learn":[0.08152242094],"iteration":884,"passed_time":1.282457049,"remaining_time":0.1666469612},
{"learn":[0.08148016859],"iteration":885,"passed_time":1.283690673,"remaining_time":0.1651701317},
{"learn":[0.08144456246],"iteration":886,"passed_time":1.284947904,"remaining_time":0.1636968581},
{"learn":[0.08141232281],"iteration":887,"passed_time":1.2861719,"remaining_time":0.1622198793},
{"learn":[0.0813965716],"iteration":888,"passed_time":1.287579684,"remaining_time":0.1607664173},
{"learn":[0.08137328324],"iteration":889,"passed_time":1.288869176,"remaining_time":0.1592984374},
{"learn":[0.08134982982],"iteration":890,"passed_time":1.290100012,"remaining_time":0.1578236828},
{"learn":[0.08131820481],"iteration":891,"passed_time":1.291357991,"remaining_time":0.1563527613},
{"learn":[0.08127362928],"iteration":892,"passed_time":1.292608521,"remaining_time":0.1548814241},
{"learn":[0.08124630978],"iteration":893,"passed_time":1.29384759,"remaining_time":0.1534092221},
{"learn":[0.0812206474],"iteration":894,"passed_time":1.295039439,"remaining_time":0.1519320012},
{"learn":[0.08119736312],"iteration":895,"passed_time":1.296308539,"remaining_time":0.150464384},
{"learn":[0.08117648009],"iteration":896,"passed_time":1.29756023,"remaining_time":0.1489952103},
{"learn":[0.08114787322],"iteration":897,"passed_time":1.298915977,"remaining_time":0.1475383404},
{"learn":[0.08111855623],"iteration":898,"passed_time":1.300141727,"remaining_time":0.1460670906},
{"learn":[0.08107731643],"iteration":899,"passed_time":1.301475623,"remaining_time":0.1446084026},
{"learn":[0.08106212176],"iteration":900,"passed_time":1.302743207,"remaining_time":0.1431427054},
{"learn":[0.08102712907],"iteration":901,"passed_time":1.30397133,"remaining_time":0.14167316},
{"learn":[0.08097918693],"iteration":902,"passed_time":1.305228741,"remaining_time":0.1402072956},
{"learn":[0.08091633075],"iteration":903,"passed_time":1.306477231,"remaining_time":0.1387409449},
{"learn":[0.08088199434],"iteration":904,"passed_time":1.307706029,"remaining_time":0.1372730085},
{"learn":[0.08085973378],"iteration":905,"passed_time":1.308938852,"remaining_time":0.1358060178},
{"learn":[0.08081996772],"iteration":906,"passed_time":1.310199401,"remaining_time":0.1343423863},
{"learn":[0.08078482381],"iteration":907,"passed_time":1.311705924,"remaining_time":0.1329041245},
{"learn":[0.08072271171],"iteration":908,"passed_time":1.313106017,"remaining_time":0.1314550578},
{"learn":[0.08071439238],"iteration":909,"passed_time":1.314331537,"remaining_time":0.1299888333},
{"learn":[0.08067462218],"iteration":910,"passed_time":1.315571677,"remaining_time":0.1285245656},
{"learn":[0.08066320043],"iteration":911,"passed_time":1.316763391,"remaining_time":0.1270561166},
{"learn":[0.08062436743],"iteration":912,"passed_time":1.318003066,"remaining_time":0.1255928442},
{"learn":[0.0806017945],"iteration":913,"passed_time":1.319247651,"remaining_time":0.124130523},
{"learn":[0.08052689394],"iteration":914,"passed_time":1.320515563,"remaining_time":0.1226708447},
{"learn":[0.08050074739],"iteration":915,"passed_time":1.321773217,"remaining_time":0.1212106444},
{"learn":[0.08047378835],"iteration":916,"passed_time":1.323036875,"remaining_time":0.1197514293},
{"learn":[0.08045357227],"iteration":917,"passed_time":1.324293004,"remaining_time":0.1182919676},
{"learn":[0.08043222886],"iteration":918,"passed_time":1.325577174,"remaining_time":0.1168354201},
{"learn":[0.08039990159],"iteration":919,"passed_time":1.326822384,"remaining_time":0.1153758595},
{"learn":[0.08039008557],"iteration":920,"passed_time":1.328048133,"remaining_time":0.113915095},
{"learn":[0.08036861188],"iteration":921,"passed_time":1.329279849,"remaining_time":0.1124553451},
{"learn":[0.08034435646],"iteration":922,"passed_time":1.330710868,"remaining_time":0.111012716},
{"learn":[0.08029501814],"iteration":923,"passed_time":1.331975569,"remaining_time":0.1095564321},
{"learn":[0.0802724429],"iteration":924,"passed_time":1.333210398,"remaining_time":0.1080981404},
{"learn":[0.08024685019],"iteration":925,"passed_time":1.334672012,"remaining_time":0.1066584545},
{"learn":[0.08022360718],"iteration":926,"passed_time":1.335929271,"remaining_time":0.1052026286},
{"learn":[0.08020829354],"iteration":927,"passed_time":1.337159497,"remaining_time":0.1037451334},
{"learn":[0.08017950201],"iteration":928,"passed_time":1.338403965,"remaining_time":0.1022892158},
{"learn":[0.08014892341],"iteration":929,"passed_time":1.339639103,"remaining_time":0.1008330507},
{"learn":[0.08011764977],"iteration":930,"passed_time":1.341060509,"remaining_time":0.09939116551},
{"learn":[0.08009687455],"iteration":931,"passed_time":1.342273653,"remaining_time":0.09793412922},
{"learn":[0.08004603013],"iteration":932,"passed_time":1.343525494,"remaining_time":0.09648039451},
{"learn":[0.0800374528],"iteration":933,"passed_time":1.344767504,"remaining_time":0.09502639752},
{"learn":[0.07999674128],"iteration":934,"passed_time":1.346021926,"remaining_time":0.09357371675},
{"learn":[0.07995275255],"iteration":935,"passed_time":1.347253676,"remaining_time":0.0921199095},
{"learn":[0.07993256411],"iteration":936,"passed_time":1.34847741,"remaining_time":0.0906660372},
{"learn":[0.07989869087],"iteration":937,"passed_time":1.349746844,"remaining_time":0.08921567623},
{"learn":[0.07987191286],"iteration":938,"passed_time":1.351211035,"remaining_time":0.08777835263},
{"learn":[0.07979591166],"iteration":939,"passed_time":1.352457267,"remaining_time":0.0863270596},
{"learn":[0.07974306371],"iteration":940,"passed_time":1.353679411,"remaining_time":0.08487469206},
{"learn":[0.07970181163],"iteration":941,"passed_time":1.355271585,"remaining_time":0.08344559653},
{"learn":[0.07968132725],"iteration":942,"passed_time":1.356771455,"remaining_time":0.08201057574},
{"learn":[0.0796430343],"iteration":943,"passed_time":1.358046631,"remaining_time":0.08056208827},
{"learn":[0.07962358229],"iteration":944,"passed_time":1.359251586,"remaining_time":0.0791098807},
{"learn":[0.07959679045],"iteration":945,"passed_time":1.360735296,"remaining_time":0.0776741078},
{"learn":[0.07956152956],"iteration":946,"passed_time":1.361977461,"remaining_time":0.07622471536},
{"learn":[0.07953448051],"iteration":947,"passed_time":1.363216899,"remaining_time":0.07477561051},
{"learn":[0.07951998997],"iteration":948,"passed_time":1.364572209,"remaining_time":0.07333317456},
{"learn":[0.07946804285],"iteration":949,"passed_time":1.366015896,"remaining_time":0.07189557348},
{"learn":[0.07943099005],"iteration":950,"passed_time":1.367344922,"remaining_time":0.0704520517},
{"learn":[0.07940124028],"iteration":951,"passed_time":1.368638185,"remaining_time":0.06900696733},
{"learn":[0.07937873577],"iteration":952,"passed_time":1.370035542,"remaining_time":0.06756733523},
{"learn":[0.07931091144],"iteration":953,"passed_time":1.371271466,"remaining_time":0.06612000778},
{"learn":[0.0792870264],"iteration":954,"passed_time":1.37255274,"remaining_time":0.06467526002},
{"learn":[0.07927890725],"iteration":955,"passed_time":1.373764256,"remaining_time":0.06322764357},
{"learn":[0.07925219415],"iteration":956,"passed_time":1.375050115,"remaining_time":0.06178386097},
{"learn":[0.07922603184],"iteration":957,"passed_time":1.376307807,"remaining_time":0.06033917317},
{"learn":[0.07919941488],"iteration":958,"passed_time":1.377576571,"remaining_time":0.0588953487},
{"learn":[0.0791471109],"iteration":959,"passed_time":1.378820908,"remaining_time":0.05745087117},
{"learn":[0.07913371869],"iteration":960,"passed_time":1.380177567,"remaining_time":0.0560113685},
{"learn":[0.07910883106],"iteration":961,"passed_time":1.381424142,"remaining_time":0.05456768959},
{"learn":[0.07907692551],"iteration":962,"passed_time":1.38269749,"remaining_time":0.05312544873},
{"learn":[0.07902077766],"iteration":963,"passed_time":1.383961113,"remaining_time":0.05168319508},
{"learn":[0.07899912891],"iteration":964,"passed_time":1.385210839,"remaining_time":0.05024080762},
{"learn":[0.07896583249],"iteration":965,"passed_time":1.386454779,"remaining_time":0.04879861542},
{"learn":[0.0789542823],"iteration":966,"passed_time":1.387691833,"remaining_time":0.04735659823},
{"learn":[0.07894017852],"iteration":967,"passed_time":1.388932511,"remaining_time":0.04591512432},
{"learn":[0.07892824565],"iteration":968,"passed_time":1.390166758,"remaining_time":0.04447385912},
{"learn":[0.07890026527],"iteration":969,"passed_time":1.391489011,"remaining_time":0.04303574262},
{"learn":[0.07888265849],"iteration":970,"passed_time":1.392733326,"remaining_time":0.04159553703},
{"learn":[0.0788619225],"iteration":971,"passed_time":1.393976423,"remaining_time":0.04015569942},
{"learn":[0.07885120377],"iteration":972,"passed_time":1.395428458,"remaining_time":0.0387220641},
{"learn":[0.0788242211],"iteration":973,"passed_time":1.396782275,"remaining_time":0.03728576915},
{"learn":[0.07880249882],"iteration":974,"passed_time":1.398089674,"remaining_time":0.03584845319},
{"learn":[0.0787529162],"iteration":975,"passed_time":1.399352337,"remaining_time":0.03441030337},
{"learn":[0.07867426428],"iteration":976,"passed_time":1.400576883,"remaining_time":0.03297161548},
{"learn":[0.07865073417],"iteration":977,"passed_time":1.401869715,"remaining_time":0.03153490157},
{"learn":[0.07856973365],"iteration":978,"passed_time":1.403231374,"remaining_time":0.03009995798},
{"learn":[0.07854296518],"iteration":979,"passed_time":1.404442299,"remaining_time":0.02866208774},
{"learn":[0.07852643283],"iteration":980,"passed_time":1.405709291,"remaining_time":0.02722576608},
{"learn":[0.07848614169],"iteration":981,"passed_time":1.406970426,"remaining_time":0.02578968195},
{"learn":[0.07847846515],"iteration":982,"passed_time":1.408289722,"remaining_time":0.02435495958},
{"learn":[0.07845045015],"iteration":983,"passed_time":1.409521249,"remaining_time":0.0229190447},
{"learn":[0.0784253875],"iteration":984,"passed_time":1.410739263,"remaining_time":0.02148333903},
{"learn":[0.0783857832],"iteration":985,"passed_time":1.412013302,"remaining_time":0.02004887041},
{"learn":[0.07835759002],"iteration":986,"passed_time":1.413358427,"remaining_time":0.01861566317},
{"learn":[0.07834400371],"iteration":987,"passed_time":1.414590779,"remaining_time":0.01718126452},
{"learn":[0.07832496116],"iteration":988,"passed_time":1.41583524,"remaining_time":0.01574740914},
{"learn":[0.07829432359],"iteration":989,"passed_time":1.417076056,"remaining_time":0.01431389955},
{"learn":[0.07826711248],"iteration":990,"passed_time":1.418302871,"remaining_time":0.01288065171},
{"learn":[0.07824211538],"iteration":991,"passed_time":1.419545174,"remaining_time":0.01144794495},
{"learn":[0.07820686203],"iteration":992,"passed_time":1.420791955,"remaining_time":0.01001565325},
{"learn":[0.07819304416],"iteration":993,"passed_time":1.422032862,"remaining_time":0.008583699367},
{"learn":[0.07816865196],"iteration":994,"passed_time":1.423270993,"remaining_time":0.007152115541},
{"learn":[0.0781577795],"iteration":995,"passed_time":1.424494119,"remaining_time":0.005720859916},
{"learn":[0.07812345142],"iteration":996,"passed_time":1.42575747,"remaining_time":0.00429014284},
{"learn":[0.07810332309],"iteration":997,"passed_time":1.427184887,"remaining_time":0.002860089954},
{"learn":[0.0780800605],"iteration":998,"passed_time":1.428439615,"remaining_time":0.001429869484},
{"learn":[0.07805379217],"iteration":999,"passed_time":1.429687402,"remaining_time":0}
]}